{"type":"FeatureCollection","name":"barrios","features":[{"type":"Feature","properties":{"id":1,"nombre":"Agronomia","comuna":15},"geometry":{"type":"Polygon","coordinates":[[[-58.50354366270087,-34.59445578824524],[-58.50308343148194,-34.59438790964244],[-58.50347172005461,-34.593959253914015],[-58.49389083410405,-34.588039113989],[-58.48879415727158,-34.58482403134742],[-58.48689461131224,-34.58680304034448],[-58.48471116308242,-34.58912468077005],[-58.48186240128454,-34.59012284074439],[-58.481289265332336,-34.590305464925294],[-58.47720435282813,-34.59135338293095],[-58.475890169642184,-34.591729162392305],[-58.4760368181732,-34.5921000550855],[-58.47711666943097,-34.59512051474555],[-58.477880682906566,-34.59709356795671],[-58.478832163758454,-34.59967637826255],[-58.482844411895826,-34.597949032705834],[-58.48298471786018,-34.59789112258312],[-58.483456873969345,-34.59776357440074],[-58.48518173383469,-34.59761283702656],[-58.49018660435832,-34.597255634255454],[-58.49712838845274,-34.59679411128995],[-58.49717523922212,-34.596822971770784],[-58.50354366270087,-34.59445578824524]]]}},{"type":"Feature","properties":{"id":2,"nombre":"Almagro","comuna":5},"geometry":{"type":"Polygon","coordinates":[[[-58.42779818792835,-34.622079200302956],[-58.42859114078659,-34.618118958247585],[-58.429255350056906,-34.61511051469348],[-58.43003137426665,-34.61545404367607],[-58.43013009070171,-34.613333056490355],[-58.430235682679296,-34.61190229091034],[-58.430321504749486,-34.61113357170924],[-58.43041679013364,-34.60947040550568],[-58.4304767890353,-34.60873027019978],[-58.43051571134714,-34.60851872793139],[-58.430671988778066,-34.60594640975917],[-58.431532337717904,-34.60494887570594],[-58.43333687771966,-34.60267859363733],[-58.432243441632785,-34.60213894439448],[-58.43027799996006,-34.599887407339935],[-58.42943185651599,-34.59913138941789],[-58.42916476831594,-34.598964341781674],[-58.42855102818961,-34.59867775593027],[-58.42777627037006,-34.598334144887495],[-58.42678829291573,-34.5979494812089],[-58.42630587453738,-34.597887222471456],[-58.42375620668038,-34.597832538504306],[-58.42337046439579,-34.59775309579909],[-58.42284263479575,-34.59771800262326],[-58.415666108332346,-34.59786494291618],[-58.41192253140976,-34.5980082151563],[-58.412303652383585,-34.600357213455844],[-58.413911824862225,-34.60725128835602],[-58.41410247688072,-34.607911937702106],[-58.414663514494634,-34.608194983540926],[-58.41458650658843,-34.609381307705945],[-58.41447055478863,-34.61074128013696],[-58.41356476245129,-34.61236994997255],[-58.413317540373455,-34.612859574479046],[-58.412873597839415,-34.614121027871846],[-58.41269112892961,-34.618074594829125],[-58.412638844488875,-34.61958776094854],[-58.41254739310853,-34.62064696103565],[-58.41610807086712,-34.62095177396125],[-58.423523858399946,-34.62149118465207],[-58.424291351989226,-34.62157185621688],[-58.42779818792835,-34.622079200302956]]]}},{"type":"Feature","properties":{"id":3,"nombre":"Balvanera","comuna":3},"geometry":{"type":"Polygon","coordinates":[[[-58.41254739310853,-34.62064696103565],[-58.412638844488875,-34.61958776094854],[-58.41269112892961,-34.618074594829125],[-58.412873597839415,-34.614121027871846],[-58.413317540373455,-34.612859574479046],[-58.41356476245129,-34.61236994997255],[-58.41447055478863,-34.61074128013696],[-58.41458650658843,-34.609381307705945],[-58.414663514494634,-34.608194983540926],[-58.41410247688072,-34.607911937702106],[-58.413911824862225,-34.60725128835602],[-58.412303652383585,-34.600357213455844],[-58.41192253140976,-34.5980082151563],[-58.41029791226502,-34.59809787350611],[-58.406630154636126,-34.59805094320145],[-58.404510717536766,-34.59804106689294],[-58.402012342973116,-34.59937478850392],[-58.39872726394246,-34.59976535365024],[-58.39293533370779,-34.599642149302134],[-58.392577414768674,-34.602122824662686],[-58.392391551116624,-34.603160338101695],[-58.392126431371004,-34.60664460073984],[-58.391965082244596,-34.60917411943598],[-58.39181098256765,-34.61128469148097],[-58.39166476202498,-34.61551621048598],[-58.39170141710722,-34.61816380098751],[-58.39924698473674,-34.61855835326176],[-58.403516778194955,-34.61884488946978],[-58.41052275305638,-34.62028912541239],[-58.41254739310853,-34.62064696103565]]]}},{"type":"Feature","properties":{"id":4,"nombre":"Barracas","comuna":4},"geometry":{"type":"Polygon","coordinates":[[[-58.40076246500219,-34.66047685488462],[-58.400938455780064,-34.66021423351478],[-58.40095425986759,-34.66012646106125],[-58.40098968689109,-34.66005037824767],[-58.40105418944539,-34.65999440754796],[-58.40103995182547,-34.659975945177294],[-58.40121326744125,-34.65950515881004],[-58.40274911353869,-34.655876754705545],[-58.40324282666834,-34.6544257221241],[-58.40383731734006,-34.652405859087416],[-58.40417057932397,-34.6514833385528],[-58.404430155034795,-34.65087500920272],[-58.405048640988014,-34.64980220067825],[-58.40455792625404,-34.649419575132036],[-58.40274972478354,-34.64706430695481],[-58.40152784429683,-34.64686234498235],[-58.401545386585894,-34.64678701627535],[-58.40108756192721,-34.64673503691882],[-58.400606352895565,-34.646556911472445],[-58.40046944364046,-34.646479221030596],[-58.40046557895011,-34.64641453617352],[-58.40033647746207,-34.64636272293054],[-58.40049628278122,-34.645922446757915],[-58.40038364537655,-34.645906473305054],[-58.391404444742484,-34.64209028207305],[-58.39147548673337,-34.640830594940404],[-58.38988582697721,-34.64020957225905],[-58.39035697026888,-34.634128602067136],[-58.388561248812636,-34.63371624330622],[-58.38652440834505,-34.633145536662894],[-58.383396204704034,-34.632224785746125],[-58.38262730438618,-34.631688429302855],[-58.38173765532615,-34.63114473628425],[-58.38133730586496,-34.63084939427818],[-58.38125494654824,-34.63307428321226],[-58.38014808978827,-34.633035934618114],[-58.380096943264526,-34.632636386186185],[-58.37964055311839,-34.63236628339465],[-58.379514867131,-34.632215631575356],[-58.37953050931079,-34.63216500790231],[-58.37947568485006,-34.63203849055859],[-58.378626122498254,-34.63050324041974],[-58.379049190418385,-34.629337746977214],[-58.377724275744605,-34.62847688551346],[-58.37557794412637,-34.62730591248493],[-58.37456562467141,-34.62680369522484],[-58.37279044415722,-34.62675633567674],[-58.37096872656504,-34.62665144696798],[-58.37071422354693,-34.6288301498504],[-58.37071689957992,-34.62902846379568],[-58.370619771513105,-34.6298801594608],[-58.37044087347735,-34.63193412851153],[-58.370340592439696,-34.63292997758257],[-58.3702353007932,-34.633757229648864],[-58.36906564866897,-34.6413249201228],[-58.36812501446394,-34.64769416815234],[-58.36765381444949,-34.65014168330116],[-58.368642625986816,-34.65067347549641],[-58.3696618484966,-34.65133795769121],[-58.37001717285527,-34.652106460449914],[-58.36967610712589,-34.65323568373368],[-58.36979205642941,-34.6535823682468],[-58.370317890359544,-34.65398498583178],[-58.37180176435438,-34.654651524062366],[-58.37241716690687,-34.65500707996154],[-58.37255429249318,-34.65518288247133],[-58.372839438759236,-34.65536624417959],[-58.37363080455895,-34.656399712037086],[-58.374123909021634,-34.656768650021675],[-58.37510734026501,-34.65694871688271],[-58.37637740576352,-34.65682560881355],[-58.37661842507194,-34.656946160593925],[-58.37687705867825,-34.65692917058849],[-58.37700047885363,-34.65688968623498],[-58.377385947374165,-34.65693042374112],[-58.377476014545394,-34.656967253993514],[-58.37763707442007,-34.65712503319717],[-58.37821774355705,-34.6572555215726],[-58.378212793454374,-34.65727801846167],[-58.37835390957084,-34.65731383551444],[-58.378457588466276,-34.65730155112349],[-58.37859506633926,-34.6573558550194],[-58.37874511452612,-34.65739173356912],[-58.37925447031481,-34.65745648091747],[-58.37985187033771,-34.65750697558444],[-58.38040603393092,-34.657501391644345],[-58.38049954615917,-34.657480116919736],[-58.38152441299306,-34.657541498963155],[-58.38161631582152,-34.65750924939442],[-58.38199634387416,-34.657509616971666],[-58.382048312348445,-34.657492957433135],[-58.382126216735834,-34.65751805149483],[-58.38237153742,-34.657527754229854],[-58.38241624802204,-34.65755521121034],[-58.38248122389788,-34.65751828732261],[-58.382641510504996,-34.657507069902564],[-58.38268469141881,-34.657531539389424],[-58.38270924338796,-34.65751128282706],[-58.382818921737524,-34.65751016270096],[-58.38294729393245,-34.657578220265684],[-58.38303531383777,-34.65758901047087],[-58.383085826309234,-34.65758546600158],[-58.383088562540294,-34.657556794735264],[-58.383414400058115,-34.65752653997066],[-58.383466346482194,-34.65753372941544],[-58.38355058457986,-34.65760354494336],[-58.383876158794955,-34.65759660203382],[-58.38412724549895,-34.65761393726163],[-58.385178826856205,-34.65785043527689],[-58.38540114882953,-34.6579455234139],[-58.385607073086376,-34.65806315316334],[-58.38579327107116,-34.6582014223114],[-58.38600200150467,-34.65839503332104],[-58.38638442839149,-34.658711526183694],[-58.38644654115373,-34.65870983914374],[-58.3864692220124,-34.658780267352554],[-58.38653320708264,-34.65887761523996],[-58.38659683406156,-34.65892925579621],[-58.38691024515562,-34.65941018264923],[-58.3872908875094,-34.659793927755686],[-58.38751758803737,-34.65997437407227],[-58.387564983788124,-34.65998185099861],[-58.38762314088088,-34.6600688861135],[-58.3877200353282,-34.66016482233656],[-58.38783601055743,-34.66022499590394],[-58.38789144488425,-34.6602064277359],[-58.38796589063213,-34.660230801098315],[-58.3880194849851,-34.66033243429376],[-58.38813892684785,-34.66038974772493],[-58.38827618340227,-34.66039484321656],[-58.388874816653136,-34.66053186795852],[-58.389044733215805,-34.6605059775071],[-58.389117761787745,-34.66059724678433],[-58.38919137752802,-34.66058178904726],[-58.38918991281258,-34.6606365228698],[-58.389278218859005,-34.660655178978324],[-58.389367186703566,-34.66063991344166],[-58.38948258074743,-34.660645286374184],[-58.389730153520574,-34.6607312956222],[-58.39022856996834,-34.660858659459464],[-58.39042784028181,-34.660997880300286],[-58.390628665550544,-34.661072411823525],[-58.3906806686519,-34.66101663361433],[-58.39075775349505,-34.66103003754469],[-58.39079319589213,-34.66106392381882],[-58.39080351698593,-34.661144065587],[-58.39085951376202,-34.66123001976959],[-58.3910664809878,-34.66145760966095],[-58.39126204861816,-34.66160654957445],[-58.39140848121646,-34.661762823851866],[-58.391590837591,-34.66190725198096],[-58.391677393448425,-34.66194880211268],[-58.39181417801137,-34.66198465676915],[-58.39189726671147,-34.66203049724033],[-58.39196654987561,-34.66201908985026],[-58.39220026240094,-34.662119396790594],[-58.39247382791384,-34.662195398203444],[-58.39318379781518,-34.66229740953414],[-58.393537103857625,-34.66228473371843],[-58.39387036165832,-34.66222657819096],[-58.39398569832079,-34.66222918039243],[-58.39414064439056,-34.66219871769289],[-58.39430610314126,-34.66221219020834],[-58.39441237212928,-34.662169882082935],[-58.394823764506846,-34.66212155741555],[-58.39500198036871,-34.662077948761215],[-58.39515962123567,-34.66202509066754],[-58.3953450051055,-34.66193074767902],[-58.395466280626835,-34.661907592108186],[-58.39552689693343,-34.661870747205995],[-58.39557539517723,-34.66186218819551],[-58.39564291159585,-34.66189227698993],[-58.39597892264223,-34.66184953318792],[-58.39602392015892,-34.66188676385099],[-58.396044704443334,-34.661883913331316],[-58.396068915404356,-34.66192685648252],[-58.39609661893789,-34.66193402627148],[-58.396153790716326,-34.66190829989225],[-58.39622821165017,-34.661967012030125],[-58.396307875892695,-34.661968487273],[-58.396307852859906,-34.66199710712552],[-58.396397905892144,-34.66200001855998],[-58.39642353379234,-34.66202985767439],[-58.39690039981987,-34.66203121713438],[-58.397134621279704,-34.66200384325662],[-58.39735994082742,-34.66193497838005],[-58.397548672888405,-34.661812156405674],[-58.39768249686064,-34.66164730054857],[-58.397734531948615,-34.661521824790086],[-58.39775399822918,-34.66139016583586],[-58.39777482752918,-34.66134929704302],[-58.39783847150596,-34.6612782277585],[-58.39792581493132,-34.6612271608888],[-58.399196594657106,-34.66090065239124],[-58.399550031866326,-34.6608787224315],[-58.39981027295585,-34.660911132425746],[-58.39993501453271,-34.66084537161544],[-58.39999998374822,-34.660760167723936],[-58.400100609086785,-34.6607236477849],[-58.40041830893779,-34.66065340626411],[-58.40067239572483,-34.66053667241319],[-58.40076246500219,-34.66047685488462]]]}},{"type":"Feature","properties":{"id":5,"nombre":"Belgrano","comuna":13},"geometry":{"type":"Polygon","coordinates":[[[-58.46335727075378,-34.575014325093214],[-58.4649932002541,-34.57400098400131],[-58.46736584353383,-34.57250216497175],[-58.46808280219982,-34.57291482378605],[-58.473369827681005,-34.56666768335336],[-58.47242192061301,-34.56610387259467],[-58.47065128779516,-34.56501108137426],[-58.46765055842208,-34.563054352418995],[-58.46649186218607,-34.56219648199534],[-58.46768555987636,-34.561693617501696],[-58.46703884337077,-34.56132137710532],[-58.46918578969931,-34.55893483100514],[-58.4628393912865,-34.55562039014813],[-58.46253491929363,-34.55548665259607],[-58.45300863878128,-34.5505104719913],[-58.45339553634792,-34.550059225647416],[-58.45415975850297,-34.549411029992044],[-58.454163356747124,-34.54920356072899],[-58.45412346169102,-34.54899122858818],[-58.45382093380409,-34.54857373065386],[-58.45366571826496,-34.548319979434915],[-58.45217736495556,-34.54639121479827],[-58.4521263973128,-34.54629085569269],[-58.44996708454129,-34.54354902230885],[-58.44940842392648,-34.542764350028364],[-58.44927718554516,-34.54265892258678],[-58.45170894058859,-34.541325905101395],[-58.45234615583327,-34.54106046357546],[-58.452583778398854,-34.54097886276194],[-58.45474932991871,-34.54033260908041],[-58.457496490004765,-34.53901104663837],[-58.45828635090432,-34.538604380921726],[-58.45944479730046,-34.53780552914966],[-58.458717967963096,-34.53721685376504],[-58.45855970876752,-34.53732575059548],[-58.45847803005501,-34.537276709506365],[-58.456265276460016,-34.53633849543429],[-58.45574743287766,-34.536035678008545],[-58.45497629856313,-34.53566762276145],[-58.454137635904566,-34.535197076461415],[-58.45399230821708,-34.53513235436279],[-58.45386545717745,-34.535044987740655],[-58.45376215838074,-34.534938473703576],[-58.453686547230014,-34.53481707370583],[-58.453660117318826,-34.53475229290196],[-58.45366590363574,-34.534675046027004],[-58.45361874885359,-34.53460744660031],[-58.453513283549874,-34.53434051058572],[-58.45347180646244,-34.53427114294332],[-58.45333193214533,-34.534100513011],[-58.453235290378736,-34.53392976534159],[-58.453247737327935,-34.53392142849804],[-58.45264149267674,-34.533070905437825],[-58.45223522930813,-34.53241138600115],[-58.452184911956614,-34.532211393700834],[-58.45215040096228,-34.53213282394458],[-58.45200515042472,-34.53193163245426],[-58.45180056049827,-34.53172662907721],[-58.45167183960309,-34.53169022454405],[-58.451461832330665,-34.531694244349055],[-58.45136365920483,-34.53171744765763],[-58.45105564246743,-34.531870086383954],[-58.45094343622369,-34.531950873702904],[-58.45079399183235,-34.53216245266208],[-58.450712488517354,-34.532523136444695],[-58.45067898308176,-34.53293828606019],[-58.450508458678556,-34.533416810320844],[-58.45029696029662,-34.53374712479329],[-58.45019550546791,-34.534041738654274],[-58.4501415515746,-34.534123870646994],[-58.45010051863673,-34.5343631371779],[-58.45005087153869,-34.5344970521106],[-58.44996234351266,-34.534900588986496],[-58.44996447156508,-34.535086292029625],[-58.45005622615144,-34.53526431667805],[-58.45013619280387,-34.535371630901146],[-58.450482423008914,-34.5355798696974],[-58.4507531846201,-34.53567334026318],[-58.45094558534764,-34.5357036813486],[-58.45114139732468,-34.53570737433605],[-58.451335268799966,-34.535684315921664],[-58.45152189911945,-34.53563513840858],[-58.45167656916144,-34.535639830972734],[-58.45279228812979,-34.535711575869904],[-58.45300342510745,-34.53575093054585],[-58.453132261720896,-34.535805232789805],[-58.45324552931171,-34.535879597690794],[-58.45407181828169,-34.53653976624227],[-58.45478035047857,-34.53730940888419],[-58.45482037092798,-34.53737462755736],[-58.45483617470599,-34.537446594462054],[-58.454826442139925,-34.537519296064424],[-58.4546295261159,-34.53811973945052],[-58.454233174814924,-34.53867661785094],[-58.45408617314288,-34.53879108866282],[-58.45278913137589,-34.539430175507206],[-58.45235755763741,-34.5395810282165],[-58.45225555419171,-34.53958571549187],[-58.45217041798593,-34.53956419510006],[-58.45191080051476,-34.5392036120799],[-58.45194466143886,-34.53902228416361],[-58.45193198381143,-34.538991754201184],[-58.45178382827017,-34.53885992037395],[-58.45135683080382,-34.53840036828062],[-58.45129523630593,-34.538376025389304],[-58.451267017144566,-34.538290291953324],[-58.45128046825242,-34.53824208110615],[-58.45119491811977,-34.5381489078883],[-58.45093772334407,-34.53808162450136],[-58.45046336665105,-34.537812920963056],[-58.4502420423846,-34.53767933505968],[-58.449880080157484,-34.53736245066019],[-58.44988015669943,-34.53688544178202],[-58.45003224195555,-34.536120734024166],[-58.44906714077152,-34.53555990218353],[-58.4489829014906,-34.535551713643684],[-58.448901596217134,-34.53557803852159],[-58.44877987892303,-34.535711733528494],[-58.44880149165776,-34.535727477804194],[-58.44879082030144,-34.53577016835859],[-58.448800336686844,-34.535817431570734],[-58.448827144813535,-34.53584843680126],[-58.44932781646191,-34.53615438163911],[-58.449380521660835,-34.53622922544237],[-58.449395178824744,-34.53632177623105],[-58.44934673600342,-34.536422557108516],[-58.448699271632336,-34.537223176487664],[-58.44871424251567,-34.5373123794626],[-58.44869436367218,-34.53735200132489],[-58.4486579778846,-34.537384279945094],[-58.448567984279904,-34.53740071123808],[-58.448432828704526,-34.53737981950127],[-58.448356069536416,-34.53733761230665],[-58.44797060465986,-34.53699163645656],[-58.44794695451948,-34.53694769859791],[-58.44797177247738,-34.53683654975647],[-58.447948944311904,-34.53676554019763],[-58.447794905528504,-34.53661263878765],[-58.44763455191621,-34.53649911632533],[-58.447360287367474,-34.53636895102193],[-58.44638441809379,-34.53600964688377],[-58.44613549398482,-34.535978234204535],[-58.44575184969564,-34.535989434059545],[-58.44537022202538,-34.536023816033634],[-58.44469083939848,-34.53612410597932],[-58.44418644576077,-34.536279056349294],[-58.44366433994528,-34.536335397750456],[-58.44364618871658,-34.53631475654609],[-58.443886066960346,-34.53617029717368],[-58.443863687174854,-34.53614484618917],[-58.44361651879635,-34.53628313945028],[-58.44345581883547,-34.53639342167136],[-58.44305111118861,-34.53660665206114],[-58.44281706565485,-34.536759539149216],[-58.44266023651946,-34.53693886884155],[-58.442288622886885,-34.53730122794152],[-58.44219341552695,-34.53726289526333],[-58.44232098329775,-34.53704591015202],[-58.442289587779236,-34.5370332702859],[-58.44176501110901,-34.53790533038178],[-58.441562299555464,-34.53787072996937],[-58.44162159068662,-34.53763284726477],[-58.441584261129016,-34.537626475622886],[-58.44132724413364,-34.53857648365801],[-58.44112149304502,-34.53858301159086],[-58.44111020818666,-34.53833943550271],[-58.4410779699716,-34.53834045817414],[-58.44108895905069,-34.53857765117415],[-58.44107261822126,-34.53857817012989],[-58.441098778340525,-34.53914284424513],[-58.44083679505553,-34.53915079834328],[-58.440888304029635,-34.540208860266794],[-58.440784519721525,-34.540304720119714],[-58.440689519598685,-34.54026337374207],[-58.440601994054425,-34.540247896154284],[-58.4405307332425,-34.540256650209656],[-58.44042482269977,-34.54030250696246],[-58.44032121710047,-34.54020947962583],[-58.44029534467562,-34.539321735161295],[-58.44031882463068,-34.53927115845757],[-58.44030490798127,-34.53923386902478],[-58.44025715920719,-34.539209149983634],[-58.44020396153023,-34.53922057639573],[-58.44017719260881,-34.539260298318275],[-58.440187029275954,-34.53929918162561],[-58.44021176158915,-34.539321123541164],[-58.44021450104488,-34.53983867822916],[-58.43923700376901,-34.54013637384451],[-58.439106686281825,-34.54013328413096],[-58.438882122292895,-34.54005597775111],[-58.43865464052462,-34.54000418087718],[-58.43819908473052,-34.53994946765607],[-58.437933923513626,-34.53994941286518],[-58.43740215276143,-34.54000050886235],[-58.43748280306328,-34.53992313715239],[-58.437572519196095,-34.53992160832878],[-58.43763881830286,-34.539852040787906],[-58.43756043932938,-34.5398024158173],[-58.43734983434896,-34.540008480832235],[-58.43700467102437,-34.54007323794216],[-58.43639193976266,-34.54028461632217],[-58.4361728024731,-34.540392798193345],[-58.435888548156896,-34.54061234862643],[-58.435509418175236,-34.54095831518873],[-58.43525800465213,-34.54125658006791],[-58.43507982775611,-34.541556209901884],[-58.434944154182155,-34.54190938533122],[-58.434392492702834,-34.54191363243362],[-58.434390371333244,-34.54186123895273],[-58.43420302443965,-34.54186596482963],[-58.43420585115423,-34.54202606146862],[-58.434920928280626,-34.5420020722926],[-58.43482732268879,-34.542292620497726],[-58.4347383492863,-34.542443440682035],[-58.434624119666594,-34.54258212160814],[-58.434381489687674,-34.54279409988841],[-58.43418440525512,-34.542923452569305],[-58.43407913429594,-34.54298049611579],[-58.43339371158569,-34.54326136208092],[-58.43311809470994,-34.54340097459083],[-58.43214274683538,-34.54399255411906],[-58.43187689030702,-34.54419976188775],[-58.43138777290132,-34.5447276174342],[-58.431296531880584,-34.54484563680223],[-58.431053686376636,-34.545247042170416],[-58.430823694629886,-34.54580943112217],[-58.43049998844495,-34.54637353963206],[-58.43024021230059,-34.546680180432865],[-58.43004895936123,-34.54687689740354],[-58.42997757650827,-34.54693055762627],[-58.429533314177036,-34.54662043541108],[-58.429495996518405,-34.54665800086476],[-58.42993052725654,-34.546969462546755],[-58.42983641734124,-34.54707545416173],[-58.42975954872197,-34.54725017791817],[-58.42973263610229,-34.54737369177895],[-58.42973242274401,-34.54756323969351],[-58.42974536534258,-34.54764376276444],[-58.42981828374901,-34.54780750578844],[-58.429875015909396,-34.5478907248255],[-58.43004200882397,-34.54804107350716],[-58.42982718460911,-34.54827773338961],[-58.42969150224942,-34.54849322875422],[-58.42963204866005,-34.54863059155689],[-58.429534120820286,-34.54863879143159],[-58.42938249440251,-34.548589766711686],[-58.428938726746516,-34.54839509874068],[-58.428349802648114,-34.54816567290248],[-58.42807022934368,-34.548088497614174],[-58.427824958714915,-34.54804658109289],[-58.427550553665256,-34.548023165707946],[-58.42726201371835,-34.54801681860115],[-58.42706028990311,-34.548040483749205],[-58.426746800611895,-34.54813829117365],[-58.426555225840715,-34.54823265688841],[-58.42599407443963,-34.54856282240569],[-58.425946756671955,-34.54859725052076],[-58.42594747737877,-34.548637080991945],[-58.42577755237648,-34.54873254202404],[-58.425701146249146,-34.548638967711625],[-58.42570124653233,-34.548571528152245],[-58.425734295724574,-34.548527023129814],[-58.42593641032651,-34.54840406923954],[-58.425913435681615,-34.54839958890156],[-58.42571402821785,-34.54851359697607],[-58.42567886728883,-34.548558319203316],[-58.42567511561595,-34.54863576214897],[-58.42573082935103,-34.5487216108521],[-58.42557400959328,-34.5488043186503],[-58.42549871598656,-34.54887188312595],[-58.425274723013736,-34.548971933651885],[-58.425189971789145,-34.54898442809234],[-58.42519546288732,-34.548934155684876],[-58.42514947120681,-34.54892020502903],[-58.42512834884811,-34.548941456854834],[-58.42512998667525,-34.548971028528214],[-58.42521195332394,-34.5491339252828],[-58.42514134388749,-34.54915925280558],[-58.425104853793805,-34.54915364976516],[-58.425057560790364,-34.54912679513167],[-58.42501298326732,-34.54907310150043],[-58.42495282906074,-34.549092653333446],[-58.42490953283988,-34.54919217076663],[-58.424743215242046,-34.54935092068855],[-58.4247729199089,-34.54941635214925],[-58.42512707340257,-34.54933202975143],[-58.42526887405787,-34.549585934051315],[-58.425387786279394,-34.549646360645085],[-58.42543371492382,-34.54970229120595],[-58.42566598169619,-34.55016087672935],[-58.42565245767978,-34.55017876577762],[-58.42567855817385,-34.550250294337296],[-58.425730785916656,-34.55032193564078],[-58.4256334557154,-34.55035545543618],[-58.42565505410196,-34.55041585170364],[-58.425625310839614,-34.55043373574652],[-58.42570903159686,-34.550608220409714],[-58.42573606566734,-34.55060375542563],[-58.42579819324404,-34.55070666051506],[-58.425857672863465,-34.55068654890124],[-58.425973808958915,-34.5509147229577],[-58.426068434468036,-34.550885675373394],[-58.426508682453466,-34.55174020979558],[-58.42647082917234,-34.5517580915964],[-58.4265005421999,-34.55180954354172],[-58.426571983003114,-34.551819406665466],[-58.42669533178922,-34.55205414353826],[-58.426905080055505,-34.55197650210903],[-58.42878668537527,-34.551158041948675],[-58.42914758003454,-34.55101704353459],[-58.429401564156706,-34.550956446287785],[-58.42976220444741,-34.55094233664208],[-58.430666611418616,-34.551044412622446],[-58.43098714459271,-34.55112501627761],[-58.43168355732801,-34.55142047811737],[-58.431843782040445,-34.55151571858738],[-58.432335420417324,-34.551863982695856],[-58.4344261987988,-34.55305621010804],[-58.434633385043654,-34.55331621675238],[-58.43465660855799,-34.55359987138236],[-58.43411372952909,-34.5539635506837],[-58.43533842733488,-34.5545331502805],[-58.43598521801039,-34.55486569871285],[-58.436246392722076,-34.555035338226084],[-58.43669017584574,-34.555386500033485],[-58.437102038313235,-34.55575173819217],[-58.43733384865142,-34.55592827039186],[-58.43770175306095,-34.55615349440089],[-58.43798925400528,-34.556266091440136],[-58.43881459168942,-34.55651119512737],[-58.439542031744864,-34.556803810167544],[-58.44016179630621,-34.557110204081724],[-58.44044561932123,-34.557309275903],[-58.440695735091076,-34.55751636984848],[-58.440916994165654,-34.55772733052577],[-58.44106131376859,-34.55790250180212],[-58.441167158312986,-34.558077665934064],[-58.44125366733226,-34.55830458741591],[-58.44134025034915,-34.55857925751683],[-58.44138828018455,-34.55882208848241],[-58.44113152747517,-34.55955219925914],[-58.44096101122446,-34.55991985273797],[-58.440656425174275,-34.56028248003852],[-58.44033066344391,-34.560562003501744],[-58.43989515835192,-34.56089685729751],[-58.439697290020334,-34.56103034326841],[-58.43947192321032,-34.56117382399658],[-58.43924358388997,-34.56129216198463],[-58.43868943074011,-34.561538887817086],[-58.43825099008908,-34.561689928488875],[-58.43798307694817,-34.56176290332876],[-58.43766034366643,-34.56183333036137],[-58.437279902598384,-34.56188043422361],[-58.43655308016808,-34.56193464408221],[-58.435938562894606,-34.561916268404644],[-58.434960847039065,-34.56179829631029],[-58.434861490176466,-34.56209525140676],[-58.435405433619195,-34.562543094594],[-58.435830563870546,-34.56254945952307],[-58.436430168109744,-34.562583803062644],[-58.438435805905556,-34.56248159593368],[-58.439573039652835,-34.5623620855656],[-58.44052418240242,-34.56224253002507],[-58.44116517463695,-34.56214001582999],[-58.44253792836607,-34.5636951427871],[-58.44262451863038,-34.563632269365975],[-58.44785691346942,-34.56671888363027],[-58.44904676119445,-34.567859827048814],[-58.45228975065864,-34.56611435102797],[-58.45387792259911,-34.56700901008574],[-58.45747703156592,-34.56911526456009],[-58.457630023875744,-34.569004071714076],[-58.457711546291065,-34.56953246678639],[-58.462524276217415,-34.574208109507786],[-58.46290484323376,-34.57459875344147],[-58.46335727075378,-34.575014325093214]]]}},{"type":"Feature","properties":{"id":6,"nombre":"La Boca","comuna":4},"geometry":{"type":"Polygon","coordinates":[[[-58.36765381444949,-34.65014168330116],[-58.36812501446394,-34.64769416815234],[-58.369065648668986,-34.6413249201228],[-58.37023530079318,-34.63375722964888],[-58.370340592439696,-34.63292997758257],[-58.370440873477364,-34.63193412851153],[-58.370663234060096,-34.62949785076114],[-58.36944974577509,-34.628327418264334],[-58.36809663225007,-34.627193681217115],[-58.36795049636793,-34.62714666538916],[-58.36798376842992,-34.62710577512732],[-58.36797657673252,-34.6251997631352],[-58.366493327352224,-34.62519965147414],[-58.36346055194598,-34.625125657716545],[-58.363201122687805,-34.62513957573468],[-58.36199619941167,-34.623877129838164],[-58.36200708715752,-34.62387002849088],[-58.361666585000634,-34.62351326129932],[-58.36165569727364,-34.62352036171524],[-58.35601620755281,-34.617610896798965],[-58.35581489828777,-34.61811940943076],[-58.35550040975842,-34.61882484761465],[-58.355145559185225,-34.61955481729848],[-58.35425512483615,-34.61946832939839],[-58.354079318004544,-34.619705660875645],[-58.3535230866013,-34.61940937356785],[-58.35309082367113,-34.61954148249532],[-58.35293614285678,-34.61975546842589],[-58.35269850298577,-34.619775295350834],[-58.352570996819516,-34.61954285426077],[-58.35221965822539,-34.61963756153665],[-58.351923270152184,-34.61962439469222],[-58.3514693332924,-34.619364231504],[-58.351438998699926,-34.619353326676055],[-58.35123099637744,-34.61935718133558],[-58.35087336397576,-34.61947497240739],[-58.35088039543056,-34.61961831892896],[-58.35077676797017,-34.61967595746911],[-58.35068782650023,-34.619558415997616],[-58.350165015600595,-34.61974108887015],[-58.34957810566923,-34.619794673355266],[-58.34907318066083,-34.61964777240772],[-58.34832126514011,-34.61905822218196],[-58.347854052363495,-34.61896959149909],[-58.34729532399051,-34.61893966438857],[-58.34656868881185,-34.61910695248077],[-58.34638082710047,-34.61904377961019],[-58.345974708625555,-34.618858610517904],[-58.345202645522804,-34.61882006994019],[-58.34460125127602,-34.61900324051163],[-58.34454853245614,-34.61905914119313],[-58.344582754576024,-34.619337743610714],[-58.344681577702026,-34.61963167256537],[-58.34519826639904,-34.61983633083844],[-58.345452083830686,-34.6198766443726],[-58.346243244240256,-34.61935021215356],[-58.346339028179955,-34.61921019557378],[-58.346567516110056,-34.619281805910056],[-58.34690321851308,-34.61963221166324],[-58.347156703355886,-34.61999361125477],[-58.34710512690904,-34.62055209747526],[-58.34697243676792,-34.62099292073353],[-58.34645868588963,-34.62162394833626],[-58.34651766481343,-34.621994660029316],[-58.34618536598379,-34.62257052637173],[-58.346067530051386,-34.622684097377096],[-58.346027139903285,-34.62281699884613],[-58.34604309496527,-34.622906749488074],[-58.34593849276325,-34.622959824469206],[-58.34592576240355,-34.622910154882305],[-58.34596608861744,-34.62270584211612],[-58.34593835599539,-34.62262090812795],[-58.345947148715894,-34.62255759644609],[-58.3459220559589,-34.622485873477025],[-58.34594727836881,-34.62246549323519],[-58.34594562317559,-34.622405049729515],[-58.34597985582133,-34.622355793995126],[-58.34598209293414,-34.62231190337484],[-58.345913812039456,-34.622279457832626],[-58.34587268502644,-34.622279777915224],[-58.34587966654561,-34.622266832152896],[-58.345961494839685,-34.62226884533576],[-58.346010417089886,-34.62229643703044],[-58.34606893205936,-34.62227175925602],[-58.34607034079514,-34.6222369072624],[-58.34603500404848,-34.62222000865883],[-58.346049309968485,-34.62220147211827],[-58.34607853975374,-34.62220880801009],[-58.3460826484714,-34.622188574210725],[-58.34605004651083,-34.62216155981612],[-58.34604464764251,-34.62213232252472],[-58.3460138861144,-34.62214032098569],[-58.34599026681297,-34.622118778709016],[-58.346018847790845,-34.62210362810558],[-58.34605283394969,-34.62211321761581],[-58.346040637754164,-34.622082288137804],[-58.34609807082344,-34.62201267359303],[-58.34606255603455,-34.621998383531185],[-58.34602185863403,-34.62195384858765],[-58.34592417534104,-34.62192696988349],[-58.34588599693035,-34.62194896561473],[-58.345864059241855,-34.62194203241961],[-58.345812409097285,-34.621881933785055],[-58.345787826579084,-34.621897894962224],[-58.3458269174916,-34.62196964496794],[-58.34580965831411,-34.621979996462414],[-58.34579089143087,-34.621947577796576],[-58.34577241620437,-34.62198209063909],[-58.34581729967115,-34.622033476872495],[-58.345789166949984,-34.6220586011556],[-58.3457864965161,-34.622099638366954],[-58.345756352108886,-34.622114618844186],[-58.34575060756501,-34.62196406018398],[-58.34571678888938,-34.62183579178359],[-58.34561928595398,-34.62166354483667],[-58.34548549103092,-34.62152672547246],[-58.34529598150405,-34.62142116735973],[-58.34504094440895,-34.62133805296619],[-58.34470984164492,-34.62134526468765],[-58.344527516636745,-34.62139530984268],[-58.34434211527012,-34.62147297479711],[-58.3441976671452,-34.62158750872039],[-58.34406346950288,-34.62176295323084],[-58.34405782560655,-34.62167225418722],[-58.34408660514467,-34.621603025423674],[-58.344084976075756,-34.62152907956172],[-58.34416971101719,-34.62149415755292],[-58.344214096723384,-34.62141146237978],[-58.34427153733736,-34.62121740154071],[-58.344255937489095,-34.621123445135105],[-58.34427005574497,-34.62111413176932],[-58.34423031880436,-34.62096914576551],[-58.3442478048151,-34.620937380611416],[-58.344224334870916,-34.62084694180161],[-58.34427568738646,-34.62080647044173],[-58.344270631970645,-34.62077315898853],[-58.344295657664915,-34.620761413580425],[-58.34435052103233,-34.620525351265414],[-58.344302544100856,-34.62018186301306],[-58.34427809954158,-34.620125777224715],[-58.344212309814395,-34.62004871291936],[-58.344208088607346,-34.61997417678443],[-58.34413529876839,-34.61980718907007],[-58.34405297712205,-34.619493924153545],[-58.344011682857236,-34.61943072045553],[-58.34392442799342,-34.619349853542865],[-58.343943895227156,-34.619199591735686],[-58.34378856992695,-34.61883046679264],[-58.34350000047723,-34.61874464691642],[-58.343302673155954,-34.61866713798352],[-58.34286105775598,-34.6185721953105],[-58.34232372783995,-34.618509805555654],[-58.341563213071765,-34.61848330987885],[-58.34142015229888,-34.618496307017956],[-58.34069593060784,-34.618607456422275],[-58.34039462665553,-34.618690151386595],[-58.340185617858936,-34.61858704455497],[-58.33990496203263,-34.618499162895766],[-58.33974315618008,-34.61848755109922],[-58.339177512320695,-34.61850313842631],[-58.33865525409783,-34.618620999197816],[-58.33853537250824,-34.61867181944159],[-58.338104392357224,-34.61892688329928],[-58.33804299316669,-34.61900760092828],[-58.33781732885031,-34.61943428550225],[-58.33764815645386,-34.619702424992894],[-58.33758440809542,-34.619888390518966],[-58.33753632098592,-34.61997062065618],[-58.33750769983237,-34.620058839141244],[-58.33751257043852,-34.620181748102375],[-58.33741769324427,-34.62092100284878],[-58.337327577678,-34.62113025257588],[-58.337009387488415,-34.6214922875271],[-58.3369374798655,-34.621763363355676],[-58.33692451852051,-34.62197330922186],[-58.33697870753059,-34.622200200089424],[-58.33710105803635,-34.622408180292716],[-58.33728348953829,-34.62258351358135],[-58.33743267876367,-34.62267643347621],[-58.33759888850551,-34.622746899269714],[-58.33777722369556,-34.62279283710089],[-58.33796243374806,-34.62281289390173],[-58.338055916223176,-34.62281300163655],[-58.33931046961253,-34.622606646046144],[-58.33952495496019,-34.6225891158411],[-58.33974027035992,-34.622597101648935],[-58.340345535046346,-34.62266462461375],[-58.34057164382651,-34.62266204439232],[-58.34095758195871,-34.622617713607],[-58.341078064868164,-34.62262371073035],[-58.34119555501702,-34.6226465720805],[-58.34133680434351,-34.622726611508924],[-58.341452852450345,-34.622765648023915],[-58.341904247116894,-34.62282720703148],[-58.34199950142139,-34.62278991816508],[-58.342016146793085,-34.62271623654979],[-58.3419145661264,-34.6224614162957],[-58.34192111265545,-34.622356732070145],[-58.341948876300016,-34.62230886462509],[-58.34201590866609,-34.62226757691517],[-58.342135963349875,-34.62224681396011],[-58.34231286854016,-34.62228281101515],[-58.34264972236134,-34.622428037751895],[-58.34302783288287,-34.622660831069766],[-58.34303756808641,-34.6227144408106],[-58.34237750571072,-34.623377718966225],[-58.34220171289315,-34.62329120853155],[-58.34215116036262,-34.623136610160834],[-58.34189049390277,-34.62303904288859],[-58.34068802365424,-34.623028299543165],[-58.340052998369714,-34.62324135613475],[-58.33843856701386,-34.62457094040713],[-58.338213545671984,-34.62462361679749],[-58.33824078306472,-34.62470313177134],[-58.337804632858635,-34.62480523095766],[-58.33778528935065,-34.62474680006671],[-58.337764109003906,-34.624735095892916],[-58.337027693970654,-34.62489012336847],[-58.33516771962465,-34.62642918110419],[-58.33515706489691,-34.62708664777742],[-58.33516734644974,-34.627111030208006],[-58.33626185057914,-34.628028123506006],[-58.33620430212133,-34.62818317588059],[-58.336349219418175,-34.62822566096751],[-58.336383131166194,-34.62821913754379],[-58.33643921422338,-34.62806876912976],[-58.33698547292165,-34.62822213172403],[-58.336925889915285,-34.628377795292415],[-58.33816451298454,-34.62871617359316],[-58.33822440392371,-34.62856030692284],[-58.338796589706334,-34.628724026341594],[-58.3387341659041,-34.62888176565135],[-58.338884003825555,-34.62892350186905],[-58.33895163139431,-34.62875902879142],[-58.3392158830881,-34.62883204138784],[-58.339202112651606,-34.62887585159152],[-58.33928395026459,-34.6288971019111],[-58.33930749504178,-34.62882885519293],[-58.3391250556552,-34.62879319251163],[-58.33917955695148,-34.62877194839024],[-58.33923023602501,-34.628658437572234],[-58.33934571801022,-34.62868120039314],[-58.33939363172381,-34.62866572486281],[-58.339450986356695,-34.62861532987308],[-58.33975445734154,-34.627834157274215],[-58.340267921673856,-34.62797328274399],[-58.34055642993645,-34.62773730553732],[-58.340668546727684,-34.627833567119225],[-58.34077595083033,-34.627747293101436],[-58.34078527501743,-34.62772087290155],[-58.34067577342607,-34.62762815392144],[-58.34107414852302,-34.62730264258708],[-58.34118803842203,-34.62739369708359],[-58.34130706657031,-34.62728601383759],[-58.341203612984444,-34.627200527137916],[-58.341601881298615,-34.62686990561096],[-58.34169846990617,-34.62694678921392],[-58.341771237571876,-34.62691224188404],[-58.34179772333456,-34.62686912731536],[-58.34179589734185,-34.62682014335478],[-58.34173543738653,-34.626770465473136],[-58.34212899045927,-34.62643631205249],[-58.342221186094,-34.626511363709085],[-58.34235745464682,-34.62641893409922],[-58.342258341064564,-34.62632968465819],[-58.34245139746347,-34.626173520638005],[-58.3427403194654,-34.62620231568441],[-58.342728897320356,-34.62630914404936],[-58.3427447526082,-34.62631810358889],[-58.34290522432211,-34.62631370902054],[-58.34291727419847,-34.626225855203934],[-58.343332675272656,-34.62626859775083],[-58.34332678704221,-34.62635027844917],[-58.34344621119269,-34.62640029293703],[-58.34348605016648,-34.62640078368589],[-58.34350142460928,-34.62629142164099],[-58.34427755070371,-34.626378637317856],[-58.344384770685856,-34.626454943253606],[-58.34382570639595,-34.62690218167186],[-58.34371660664879,-34.62681658339529],[-58.343581278009644,-34.626930908175225],[-58.34367870820672,-34.62701612464496],[-58.34333116777884,-34.62731143663276],[-58.343216631985264,-34.627218312039744],[-58.34308708042657,-34.627315970228466],[-58.34320868582986,-34.62741959891159],[-58.34282613208386,-34.627736340419126],[-58.34272379116522,-34.62765213612486],[-58.342599139008236,-34.627750490918835],[-58.34269899824602,-34.62783754584953],[-58.34232275749488,-34.62814245367646],[-58.3422089330713,-34.62804455584914],[-58.3420897634858,-34.6281505694945],[-58.34220070511503,-34.628246676156714],[-58.34181905782012,-34.62856174322459],[-58.34172107713889,-34.628482434436044],[-58.34165005519831,-34.628513129906636],[-58.341589942941255,-34.62858151998236],[-58.34169113073696,-34.628665302201966],[-58.34140572889935,-34.628897793970914],[-58.34140680140243,-34.628954081353214],[-58.341563569256,-34.62908350478684],[-58.34186986482864,-34.62916472133151],[-58.34184814657224,-34.629218660359534],[-58.34201071521003,-34.629279639857174],[-58.342038591859044,-34.62920662752151],[-58.342385618620554,-34.6293040609956],[-58.34235842304751,-34.629405396620555],[-58.34251414819408,-34.62945980994724],[-58.342550366037344,-34.62935490549456],[-58.342851824358895,-34.629435097082826],[-58.34318917955291,-34.62914339032915],[-58.34332582283825,-34.629225450134875],[-58.343401227409984,-34.6291561205433],[-58.34339129918041,-34.629138223055264],[-58.34340917761563,-34.62912314459112],[-58.34331985397592,-34.629046346132775],[-58.3436942329548,-34.62874881065163],[-58.34378353178776,-34.62882391595318],[-58.343916215182766,-34.62871745326664],[-58.34382393123603,-34.628638864763815],[-58.3442058140766,-34.62832561521681],[-58.34431820125673,-34.628421601476084],[-58.34440756916273,-34.62835287710266],[-58.344424230876285,-34.628313673563426],[-58.34431376174394,-34.628219301005934],[-58.34458192964244,-34.62800329058017],[-58.345020273873146,-34.62837206902682],[-58.345040390254404,-34.628364151549995],[-58.345282987733306,-34.628563686340826],[-58.34527187599118,-34.62858121627385],[-58.345378383885944,-34.62866941572975],[-58.34705532849174,-34.62728622339437],[-58.3487642174777,-34.62868932729414],[-58.348774505598534,-34.62875799973574],[-58.348431990251875,-34.628792009949635],[-58.34844128997503,-34.628953377861194],[-58.34877966345608,-34.62892396276655],[-58.34878983592159,-34.62908795549464],[-58.348690212233265,-34.629351239000385],[-58.34848505446356,-34.62939586363308],[-58.34847028079204,-34.62982224632712],[-58.34844483424371,-34.62986324497394],[-58.348000419854415,-34.629921973991195],[-58.347966704990654,-34.62994161645267],[-58.34789709716825,-34.630120527037874],[-58.34791125851745,-34.63013463139213],[-58.348271400843934,-34.63009204155963],[-58.34831523154125,-34.630277641456864],[-58.348258719543566,-34.63034553881252],[-58.348140485720805,-34.6304230807386],[-58.34808431849487,-34.630782538159266],[-58.347931785530314,-34.631157571954176],[-58.34784777926583,-34.63117692882484],[-58.34776042471304,-34.630911806001556],[-58.347693470236344,-34.63092934723848],[-58.34776646621883,-34.63119258065962],[-58.34769717482466,-34.63132862810288],[-58.34757529892401,-34.63139753855066],[-58.347262038463235,-34.63147777083606],[-58.34713677944672,-34.631477651605266],[-58.346854896801844,-34.63151189627845],[-58.34676446397393,-34.63148880123571],[-58.34674019282909,-34.63142838038905],[-58.34615200810572,-34.63154286024381],[-58.346103125871046,-34.63166360858981],[-58.347588152937305,-34.63207606996066],[-58.34766717799124,-34.63213813445706],[-58.347701242812875,-34.632237182004175],[-58.3485309600809,-34.63248158343733],[-58.3490447736244,-34.63251293486444],[-58.349068544070306,-34.632552176398356],[-58.3501496862953,-34.6323259910874],[-58.35114419263471,-34.63135986700236],[-58.351256907455216,-34.63117733985484],[-58.35134175702392,-34.63098505532156],[-58.352076362928045,-34.62923833513091],[-58.35219842012776,-34.62919923290237],[-58.35238763509846,-34.629014982278306],[-58.352882863593756,-34.62916539231978],[-58.35299393252348,-34.629165859691234],[-58.35343530181668,-34.628682343709045],[-58.35363184051228,-34.62844369356838],[-58.35397275743996,-34.628093404004005],[-58.357191525330265,-34.62600890872027],[-58.357182177753884,-34.62598855648358],[-58.36029977336375,-34.6239487989111],[-58.36035045673959,-34.62400303316989],[-58.36052450280676,-34.62389194760479],[-58.360864398350266,-34.62424271400308],[-58.36177270069494,-34.623643256692006],[-58.36191855215737,-34.62379607468305],[-58.36102407931241,-34.62439800102565],[-58.36102696914601,-34.624438718713535],[-58.36126764071202,-34.62468892683844],[-58.35584729248603,-34.62819216145565],[-58.355468782327804,-34.628478264627695],[-58.354893354627194,-34.629008180271214],[-58.35469455582074,-34.62923314779472],[-58.35429420393778,-34.62977792292473],[-58.35406870906092,-34.63011639185287],[-58.35379252944802,-34.630675219511105],[-58.35276622900298,-34.63356686204232],[-58.35325206376397,-34.63511462659427],[-58.35351211655083,-34.63571588141785],[-58.35414355928804,-34.63652162500736],[-58.35604899174639,-34.63754218829327],[-58.356968742862364,-34.638573315179094],[-58.35803214647837,-34.63920578608744],[-58.36035911561576,-34.63919250782274],[-58.36112758674849,-34.639399218677674],[-58.36144408440404,-34.63987110613076],[-58.36090809671489,-34.64072676724534],[-58.35848645955345,-34.641558521510326],[-58.35813070810187,-34.64187269937199],[-58.357479768196754,-34.64346439503295],[-58.357327682180724,-34.64404736158589],[-58.35760360074182,-34.64498371366716],[-58.358752142180464,-34.64538474911726],[-58.35981916193726,-34.64597475388048],[-58.36088870162854,-34.64687480120044],[-58.361672676858284,-34.64767920193133],[-58.36180392839784,-34.647777177861215],[-58.36180570221619,-34.647819410091174],[-58.361826891878515,-34.64784174384772],[-58.36239907199249,-34.64814933953355],[-58.36308041513222,-34.648162136302446],[-58.36392317575567,-34.64810081588088],[-58.36433859585319,-34.648227559122326],[-58.364976151086516,-34.64879290769269],[-58.36765381444949,-34.65014168330116]]]}},{"type":"Feature","properties":{"id":7,"nombre":"Boedo","comuna":5},"geometry":{"type":"Polygon","coordinates":[[[-58.42779818792835,-34.622079200302956],[-58.424291351989226,-34.62157185621688],[-58.423523858399946,-34.62149118465207],[-58.41610807086712,-34.62095177396125],[-58.41254739310853,-34.62064696103565],[-58.41244032418157,-34.62188798772624],[-58.412359916674454,-34.62187316459169],[-58.4120454070184,-34.622979384112405],[-58.41233697069864,-34.62303746480651],[-58.41213016976793,-34.62478268013098],[-58.412068696783834,-34.62514265841067],[-58.41178276811417,-34.63036105019175],[-58.411524050933046,-34.63286110190784],[-58.41088376935537,-34.63451281727809],[-58.41049206922788,-34.63524181008535],[-58.41051545634473,-34.63571372558299],[-58.41126390426369,-34.638103577189355],[-58.417261154870445,-34.6391414909472],[-58.419298401085655,-34.639459710183466],[-58.42349481677904,-34.64020460971672],[-58.42438877632778,-34.636781838551954],[-58.42486269629172,-34.634880773041196],[-58.425185972136575,-34.63370551101121],[-58.42580560577983,-34.631288566164734],[-58.426018284140234,-34.63027390255916],[-58.42724028754673,-34.624857167527544],[-58.42779818792835,-34.622079200302956]]]}},{"type":"Feature","properties":{"id":8,"nombre":"Caballito","comuna":6},"geometry":{"type":"Polygon","coordinates":[[[-58.46270615195231,-34.60737818546292],[-58.45878411059789,-34.604720109371726],[-58.45847564360012,-34.604497063269704],[-58.451509562039156,-34.60630358793919],[-58.44624963503948,-34.60762073177344],[-58.44567997102396,-34.60736254865285],[-58.44513371589389,-34.60718021194922],[-58.44282638298506,-34.60657659821387],[-58.43920415657378,-34.605587963253505],[-58.43705590888823,-34.604496519455765],[-58.435340700284705,-34.60368027957137],[-58.43333687771966,-34.60267859363733],[-58.431532337717904,-34.60494887570594],[-58.430671988778066,-34.60594640975917],[-58.43051571134714,-34.60851872793139],[-58.4304767890353,-34.60873027019978],[-58.43041679013364,-34.60947040550568],[-58.430321504749486,-34.61113357170924],[-58.430235682679296,-34.61190229091034],[-58.43013009070171,-34.613333056490355],[-58.43003137426665,-34.61545404367607],[-58.429255350056906,-34.61511051469348],[-58.42859114078659,-34.618118958247585],[-58.42724028754673,-34.624857167527544],[-58.426758704696695,-34.62700303506082],[-58.44292736787249,-34.629356691984924],[-58.45157819570984,-34.63064368852886],[-58.45267095846444,-34.628335876112736],[-58.45393977973651,-34.62576912062865],[-58.45403299380904,-34.62563574572414],[-58.45457663154294,-34.62448464608356],[-58.459034681789504,-34.61473948113432],[-58.459449971836904,-34.61389068145688],[-58.45954546369663,-34.61374695023683],[-58.46048692318775,-34.611862020351616],[-58.46270615195231,-34.60737818546292]]]}},{"type":"Feature","properties":{"id":9,"nombre":"Chacarita","comuna":15},"geometry":{"type":"Polygon","coordinates":[[[-58.43853841959034,-34.58867318165427],[-58.450602703613,-34.594404361805765],[-58.45170657084241,-34.59521491429682],[-58.455485973134834,-34.597840116317954],[-58.45605947352765,-34.59765690955797],[-58.45794015411769,-34.59700600985141],[-58.45927712189113,-34.596682886690694],[-58.46376937993755,-34.59643287752143],[-58.46461554099933,-34.59648399914624],[-58.46527256146072,-34.5966074428819],[-58.46545206488289,-34.59662434333259],[-58.46554169395277,-34.59665173325999],[-58.46562158311472,-34.59670973743522],[-58.46520033553486,-34.59534188744646],[-58.464383340566116,-34.592557035439725],[-58.464410674738474,-34.592472807973365],[-58.46588118872456,-34.59121371583278],[-58.466532126776734,-34.59077788262987],[-58.4668296389597,-34.59059866771143],[-58.46453484221843,-34.58842774981815],[-58.46307613137424,-34.58707055876432],[-58.46187191205059,-34.58604784394367],[-58.46146554758032,-34.58583891893796],[-58.460380575719334,-34.585533343699815],[-58.460448053182404,-34.58529342931392],[-58.46042728011078,-34.58520892026075],[-58.46047241478919,-34.58504180618545],[-58.46053738753947,-34.58494962257082],[-58.46052951885691,-34.57830048444562],[-58.460103976036145,-34.5783013898932],[-58.45774560318248,-34.578443843297876],[-58.45540130883452,-34.57907626071817],[-58.45101979374113,-34.580481486818364],[-58.449597699933435,-34.58104550333068],[-58.44828194510704,-34.58152986280973],[-58.444402238746825,-34.583197455104525],[-58.444788089964234,-34.584519157278116],[-58.444588211785494,-34.58467138375304],[-58.43853841959034,-34.58867318165427]]]}},{"type":"Feature","properties":{"id":10,"nombre":"Coghlan","comuna":12},"geometry":{"type":"Polygon","coordinates":[[[-58.48356069364174,-34.559110690163635],[-58.48340873167066,-34.559037755461716],[-58.47358759304927,-34.55354026114664],[-58.471851430394125,-34.55579650392062],[-58.47087360351467,-34.557036526429535],[-58.469651203254436,-34.55842712036059],[-58.46703884337077,-34.56132137710532],[-58.46768555987636,-34.561693617501696],[-58.46649186218607,-34.56219648199534],[-58.46765055842208,-34.563054352418995],[-58.47065128779516,-34.56501108137426],[-58.47298985538144,-34.56644167936269],[-58.47360865152034,-34.56657226625196],[-58.47459578878941,-34.56681680648164],[-58.47512490453529,-34.56622484032976],[-58.476191428604125,-34.56685530882533],[-58.47931307019033,-34.564072063591475],[-58.479056043770115,-34.563938290888],[-58.47954260298109,-34.56377660380821],[-58.47972271923264,-34.56370221191023],[-58.47991125899887,-34.563610776203795],[-58.48037548621606,-34.56332253736463],[-58.480226564425294,-34.56324201010736],[-58.481158790036574,-34.562505949660874],[-58.48356069364174,-34.559110690163635]]]}},{"type":"Feature","properties":{"id":11,"nombre":"Colegiales","comuna":13},"geometry":{"type":"Polygon","coordinates":[[[-58.46335727075378,-34.575014325093214],[-58.46290484323376,-34.57459875344147],[-58.462524276217415,-34.574208109507786],[-58.457711546291065,-34.56953246678639],[-58.457630023875744,-34.569004071714076],[-58.45747703156592,-34.56911526456009],[-58.45387792259911,-34.56700901008574],[-58.45228975065864,-34.56611435102797],[-58.44864507093092,-34.56807422001779],[-58.446693559140755,-34.569071596712725],[-58.44364228945086,-34.570569765836325],[-58.442206051780346,-34.5713082030005],[-58.44074720899485,-34.57211211395189],[-58.44397422558434,-34.575370125943124],[-58.442730481082044,-34.57616895308369],[-58.441816755510914,-34.576823667235594],[-58.44089118052464,-34.57780218157721],[-58.43994155146995,-34.5785526522915],[-58.44343418819475,-34.581802697597084],[-58.44445103343923,-34.583176475673376],[-58.44828194510704,-34.58152986280973],[-58.449597699933435,-34.58104550333068],[-58.45101979374113,-34.580481486818364],[-58.45540130883452,-34.57907626071817],[-58.45774560318248,-34.578443843297876],[-58.46022666634013,-34.578301110897925],[-58.46237781798719,-34.5760377927602],[-58.463188835027395,-34.575111026455005],[-58.46335727075378,-34.575014325093214]]]}},{"type":"Feature","properties":{"id":12,"nombre":"Constitucion","comuna":1},"geometry":{"type":"Polygon","coordinates":[[[-58.39170141710722,-34.61816380098751],[-58.3877418048374,-34.61792633878852],[-58.38330784674349,-34.6177629465993],[-58.382851473432446,-34.61772518169599],[-58.38178725288838,-34.6176707425313],[-58.38004802398939,-34.61763928573205],[-58.377362998907635,-34.617456857779494],[-58.37731145093806,-34.61846035553731],[-58.37722954576913,-34.6208128604435],[-58.377239559799435,-34.621014630329505],[-58.37721641571186,-34.62189708963912],[-58.377108162233654,-34.623361185024535],[-58.37707025708982,-34.62360489282597],[-58.37675553114058,-34.62511856088524],[-58.37618123559256,-34.626367390756776],[-58.37569712899306,-34.627142686422594],[-58.37557794412637,-34.62730591248493],[-58.377724275744605,-34.628476885513464],[-58.379049190418385,-34.629337746977214],[-58.37862612249827,-34.63050324041974],[-58.379475684850064,-34.63203849055859],[-58.379530509310804,-34.632165007902316],[-58.379514867131,-34.63221563157536],[-58.37964055311839,-34.63236628339465],[-58.38009694326454,-34.632636386186185],[-58.380148089788285,-34.63303593461811],[-58.38125494654825,-34.63307428321226],[-58.381337305864974,-34.63084939427818],[-58.38173765532615,-34.63114473628425],[-58.38262730438618,-34.631688429302855],[-58.383396204704034,-34.632224785746125],[-58.38652440834505,-34.633145536662894],[-58.388561248812636,-34.63371624330622],[-58.39035697026888,-34.634128602067136],[-58.391174186861434,-34.62725739800159],[-58.39143573140748,-34.6239929392602],[-58.39161486777132,-34.62054406071828],[-58.39170141710722,-34.61816380098751]]]}},{"type":"Feature","properties":{"id":13,"nombre":"Flores","comuna":7},"geometry":{"type":"Polygon","coordinates":[[[-58.43800770262315,-34.65580743858055],[-58.438420260266,-34.65549565667895],[-58.438847845239074,-34.655106304271584],[-58.4429536405165,-34.65190175551869],[-58.4431137205693,-34.65172868163962],[-58.44320672978553,-34.65157876647846],[-58.44329737169406,-34.651347019512535],[-58.44332595519617,-34.65119399460118],[-58.444408154941804,-34.65106980065697],[-58.44462216107317,-34.6509521566124],[-58.444952617158464,-34.65101446029843],[-58.44882995498072,-34.65117920902863],[-58.45197634999113,-34.65108263970347],[-58.454637785811585,-34.65082722194171],[-58.45476630964086,-34.65149561573101],[-58.45479976794504,-34.65177674771991],[-58.45486204281281,-34.651994569916],[-58.454943494126084,-34.65216880187237],[-58.455063296518226,-34.65230345885079],[-58.456996602451845,-34.65393527518565],[-58.45711436766285,-34.65405450770453],[-58.45833874482128,-34.655112105741715],[-58.458927342272816,-34.65558565291072],[-58.45920172186271,-34.655771270843466],[-58.46040313335783,-34.65681049338793],[-58.46111399602852,-34.65628813963295],[-58.46147793022523,-34.65598502076321],[-58.46162940975991,-34.655824121399476],[-58.46257405991862,-34.655028260304526],[-58.46367834931962,-34.65418353833797],[-58.463940058605964,-34.653961352098804],[-58.46459428522183,-34.65353789391738],[-58.46542779937023,-34.65290062446608],[-58.46637736198541,-34.65208306252457],[-58.46651902959733,-34.65194813059596],[-58.46663027719423,-34.651792984205834],[-58.46703464979254,-34.65147244740454],[-58.4644112313925,-34.648158129598315],[-58.46388658433841,-34.647558316121575],[-58.46335859841593,-34.646832076800386],[-58.46300023686061,-34.64617448926002],[-58.46341773491878,-34.64592446390839],[-58.46469708628312,-34.64495465970819],[-58.465086748719706,-34.6447163428072],[-58.46799084591202,-34.64242159848825],[-58.469243330807224,-34.64140132363981],[-58.471224555644554,-34.63683645037995],[-58.47348469854357,-34.63179651465907],[-58.47701527826144,-34.62408263277815],[-58.47780801107838,-34.62238921186758],[-58.47278982568917,-34.61977805377159],[-58.4693409809059,-34.61792972921336],[-58.46863640888795,-34.61756665932689],[-58.46453994984254,-34.61579273275089],[-58.459449971836904,-34.61389068145688],[-58.459034681789504,-34.61473948113432],[-58.45457663154294,-34.62448464608356],[-58.45403299380904,-34.62563574572414],[-58.45393977973651,-34.62576912062865],[-58.45267095846444,-34.628335876112736],[-58.45157819570984,-34.63064368852886],[-58.454379774338605,-34.631505131229225],[-58.45144278520724,-34.63747134917929],[-58.451304511578,-34.637516542618265],[-58.44956079009405,-34.638695318125684],[-58.445311040905736,-34.64193254073249],[-58.44525358714735,-34.6420440121951],[-58.44424608651493,-34.642811119164534],[-58.44308008824637,-34.641782048649475],[-58.44295410043636,-34.64199541005236],[-58.442390950323166,-34.642725814370316],[-58.43787250796383,-34.64695696169176],[-58.43742459106528,-34.647356519034055],[-58.43492550133184,-34.64624102483316],[-58.43450482866842,-34.646679450475276],[-58.43284262662022,-34.647977648255655],[-58.430818766592004,-34.64959425133304],[-58.430432458920855,-34.649878374808424],[-58.432033245378584,-34.651213523589824],[-58.436023519428716,-34.654374785250404],[-58.437100133353454,-34.65510558881126],[-58.43800770262315,-34.65580743858055]]]}},{"type":"Feature","properties":{"id":14,"nombre":"Floresta","comuna":10},"geometry":{"type":"Polygon","coordinates":[[[-58.49820080705291,-34.62137556273236],[-58.494657906485095,-34.6184520523264],[-58.49263657824567,-34.616733449244414],[-58.4827431937344,-34.62463474854925],[-58.479376809868015,-34.62319733484265],[-58.47879986222602,-34.622915363601564],[-58.47780801107838,-34.62238921186758],[-58.47701527826144,-34.62408263277815],[-58.47348469854357,-34.63179651465907],[-58.47130386272256,-34.636659753938936],[-58.473493125850155,-34.63731290611635],[-58.47441621012552,-34.63792149372451],[-58.476073061293455,-34.63893922752052],[-58.47835740783902,-34.637131697316256],[-58.47878787977,-34.636828893495874],[-58.482380799136195,-34.63394708885787],[-58.483109632273845,-34.63338652535071],[-58.48357203240763,-34.63299845852309],[-58.49820080705291,-34.62137556273236]]]}},{"type":"Feature","properties":{"id":15,"nombre":"Liniers","comuna":9},"geometry":{"type":"Polygon","coordinates":[[[-58.52920705002191,-34.65430347405725],[-58.5303575257912,-34.63480022662671],[-58.528713512810576,-34.634865169631915],[-58.52820521323532,-34.634847236168326],[-58.52707564281244,-34.63475515465111],[-58.526919333464534,-34.634687841831635],[-58.524299104116515,-34.63447558603445],[-58.5230367319272,-34.63416634868047],[-58.52233611324916,-34.63401780182501],[-58.52108218571217,-34.63382881984214],[-58.52068660950892,-34.63382592736448],[-58.520813210758384,-34.63340456779643],[-58.52074658179306,-34.63322429318182],[-58.52052553028385,-34.633008809596944],[-58.520388507608594,-34.63297429543554],[-58.520239890158365,-34.63280211033947],[-58.520172983538586,-34.632917155213484],[-58.520066936523634,-34.63295107627878],[-58.51974561069824,-34.63298860899282],[-58.51925301107606,-34.63301496355282],[-58.51888724636046,-34.63300203140075],[-58.51708853355127,-34.63301908324975],[-58.51660686070161,-34.63308556963442],[-58.515931863963665,-34.633104400427825],[-58.514863194735256,-34.63320792677432],[-58.514072760856,-34.6334063178158],[-58.513322146500286,-34.63366972917707],[-58.51067004306652,-34.6348222783488],[-58.50954157189133,-34.63529419497433],[-58.50882986433573,-34.63555819755925],[-58.50827530010485,-34.635733545961145],[-58.50765103216557,-34.635895889023416],[-58.506961156796464,-34.63589571517499],[-58.50681882923088,-34.635817173289944],[-58.50567176664867,-34.63672260169123],[-58.5105089194381,-34.63737563432314],[-58.50982153516652,-34.640013005499306],[-58.50978783302036,-34.640082385050896],[-58.50332682872635,-34.64498345052113],[-58.50229906905261,-34.645822663501455],[-58.50333837978116,-34.64632338756603],[-58.51061179735428,-34.64973045614465],[-58.51065187257233,-34.64977206072299],[-58.51167719444676,-34.65022581636149],[-58.51441494401153,-34.65149872224049],[-58.51541524866621,-34.65194675263215],[-58.51607674431442,-34.65227132983962],[-58.52492099517541,-34.6563824184352],[-58.52577214093456,-34.65689616532523],[-58.52920705002191,-34.65430347405725]]]}},{"type":"Feature","properties":{"id":16,"nombre":"Mataderos","comuna":9},"geometry":{"type":"Polygon","coordinates":[[[-58.52577214093456,-34.65689616532523],[-58.52492099517541,-34.6563824184352],[-58.51607674431442,-34.65227132983962],[-58.51541524866621,-34.65194675263215],[-58.51441494401153,-34.65149872224049],[-58.51167719444676,-34.65022581636149],[-58.51065187257233,-34.64977206072299],[-58.51061179735428,-34.64973045614465],[-58.497137425921906,-34.64341397409882],[-58.48924056271285,-34.64961264845852],[-58.48647023111564,-34.65183343369437],[-58.483752645083094,-34.65393745556547],[-58.478818293732544,-34.65784856050759],[-58.47946301334454,-34.65829171907159],[-58.480169615068355,-34.65874923147809],[-58.485945451344016,-34.66245218909218],[-58.48895242145444,-34.663352443245614],[-58.49113497828963,-34.665393805335796],[-58.4917615554893,-34.66601148082468],[-58.49259790220744,-34.666873047567556],[-58.49360839696026,-34.66796625620081],[-58.495872835698606,-34.670199554601616],[-58.497039525153696,-34.67118424077124],[-58.498723309841914,-34.67239264105681],[-58.49912702067697,-34.67263991821396],[-58.50164159490955,-34.6739873972065],[-58.50252527504022,-34.674512432484036],[-58.52577214093456,-34.65689616532523]]]}},{"type":"Feature","properties":{"id":17,"nombre":"Monserrat","comuna":1},"geometry":{"type":"Polygon","coordinates":[[[-58.39170141710722,-34.61816380098751],[-58.391661844321035,-34.61583987531691],[-58.391673053569946,-34.615185225656745],[-58.3917900359257,-34.61167327619789],[-58.39195611909355,-34.60929693279127],[-58.389762679943516,-34.60914267014104],[-58.387805814475236,-34.60894654271285],[-58.38723412070494,-34.60886118724043],[-58.3850682950048,-34.60870960403903],[-58.381797375369075,-34.60844724788217],[-58.376208220310545,-34.60811986086034],[-58.373520523891806,-34.60794164256774],[-58.37351881088785,-34.60803002292504],[-58.371555736213665,-34.60788906318605],[-58.37125800839755,-34.6078584286098],[-58.37109340925513,-34.6077906328546],[-58.370634539980614,-34.607398213060534],[-58.37030906518711,-34.60719556486478],[-58.37019591420047,-34.606775613775824],[-58.37019587894979,-34.606578638817204],[-58.36984985133319,-34.606557388293915],[-58.36944423760476,-34.60650672356935],[-58.369371305203614,-34.60652864048579],[-58.36925625068211,-34.6065943267529],[-58.36922517357386,-34.606742265657964],[-58.36815369633645,-34.60696896158606],[-58.36773150092235,-34.60690584043083],[-58.36673996253526,-34.61562966421397],[-58.368816412634025,-34.61578439619973],[-58.370349877379944,-34.61586621611515],[-58.370695263978526,-34.615914424395044],[-58.37172229852841,-34.6159841447646],[-58.371719352299316,-34.61602998785851],[-58.37299604525717,-34.61602974249313],[-58.374342615908866,-34.6160833377808],[-58.37525655197492,-34.61613702950823],[-58.375863127061365,-34.61621781921954],[-58.3774303789714,-34.61629801759972],[-58.377362998907635,-34.617456857779494],[-58.38004802398939,-34.61763928573205],[-58.38178725288838,-34.6176707425313],[-58.382851473432446,-34.61772518169599],[-58.38330784674349,-34.6177629465993],[-58.3877418048374,-34.61792633878852],[-58.39170141710722,-34.61816380098751]]]}},{"type":"Feature","properties":{"id":18,"nombre":"Monte Castro","comuna":10},"geometry":{"type":"Polygon","coordinates":[[[-58.521635611223,-34.624410163269395],[-58.513046049005155,-34.616736904702016],[-58.50974355703207,-34.614759377793405],[-58.50556408051759,-34.61231361118996],[-58.5052493511533,-34.61214604205909],[-58.500192416685685,-34.60913108464406],[-58.49557308272516,-34.61439626909074],[-58.49263657824567,-34.616733449244414],[-58.494657906485095,-34.6184520523264],[-58.49820080705291,-34.62137556273236],[-58.49934375487758,-34.621969180914256],[-58.503491746398566,-34.62403741662014],[-58.507293237509266,-34.62759931332896],[-58.509255529040274,-34.62613463041436],[-58.511650888646365,-34.62428368328802],[-58.51638139211022,-34.628455283944646],[-58.521635611223,-34.624410163269395]]]}},{"type":"Feature","properties":{"id":19,"nombre":"Nueva Pompeya","comuna":4},"geometry":{"type":"Polygon","coordinates":[[[-58.43443587935198,-34.653117109717876],[-58.43203324537858,-34.651213523589824],[-58.430432458920855,-34.649878374808424],[-58.43081876659202,-34.649594251333006],[-58.43284262662021,-34.647977648255655],[-58.434504828668395,-34.646679450475276],[-58.43492550133184,-34.64624102483313],[-58.43262063815402,-34.64522017690079],[-58.43211007402147,-34.64516786352747],[-58.43234695414734,-34.64174550061151],[-58.43092623623345,-34.641448862356704],[-58.42349481677904,-34.64020460971672],[-58.41929840108565,-34.639459710183466],[-58.417261154870445,-34.6391414909472],[-58.41126390426368,-34.63810357718933],[-58.41137011399691,-34.63843961110772],[-58.41175810274256,-34.63945386936044],[-58.4129418232914,-34.64232650159393],[-58.41343978153421,-34.64345932189875],[-58.41334254776815,-34.64347745104511],[-58.412103892117266,-34.64858686823118],[-58.40274972478354,-34.64706430695481],[-58.40455792625404,-34.649419575132036],[-58.405048640988014,-34.64980220067825],[-58.404430155034795,-34.65087500920272],[-58.40417057932397,-34.6514833385528],[-58.40383731734006,-34.652405859087416],[-58.40324282666834,-34.6544257221241],[-58.40274911353869,-34.655876754705545],[-58.40121326744125,-34.65950515881004],[-58.40104000306236,-34.6599758696563],[-58.40105418791292,-34.659994408877715],[-58.40110165243975,-34.65995322248846],[-58.40137447154094,-34.659871079439846],[-58.40187759454251,-34.65960847095894],[-58.402168253701795,-34.659540503531396],[-58.40253489805445,-34.65942620729705],[-58.40283508575199,-34.65940966145464],[-58.4030049605953,-34.659367472891994],[-58.40309160649084,-34.65936418408511],[-58.403082902518335,-34.659350339483666],[-58.40334153499704,-34.65935469817821],[-58.4041676733766,-34.65944751996289],[-58.40542889255607,-34.659677718734535],[-58.405560832400695,-34.659712149478906],[-58.405689625312554,-34.659810959345684],[-58.40580230338724,-34.65985203676232],[-58.40640529916394,-34.660008047818934],[-58.406529404619434,-34.660017645326256],[-58.40681084058957,-34.65998915616667],[-58.407232234297105,-34.6600048531827],[-58.407405439942096,-34.65996557970243],[-58.40764936362008,-34.65982998258415],[-58.408000017740775,-34.65982943001294],[-58.40811776545375,-34.659850470970966],[-58.408307108085964,-34.65985055651855],[-58.40836946508142,-34.65983150440912],[-58.408494196571894,-34.65976668851656],[-58.40858888213163,-34.659745743431095],[-58.4087898268781,-34.65965806550727],[-58.40898151209805,-34.65960663527308],[-58.409249447558814,-34.65947510290109],[-58.409632431695314,-34.659264973200514],[-58.40986346117713,-34.65906950488465],[-58.409968537017846,-34.659028609586784],[-58.41013200075018,-34.65889074846985],[-58.41021859224837,-34.65888601591772],[-58.410286498659225,-34.65890264589532],[-58.41046278014047,-34.658875374426835],[-58.41058139672944,-34.65882551540075],[-58.410682015683165,-34.6587535422251],[-58.410896630080295,-34.65865700220904],[-58.41119224137499,-34.65856745356647],[-58.411239806027595,-34.658600034749284],[-58.41174556009157,-34.65855157420882],[-58.41214306930905,-34.65841993692969],[-58.41236289215352,-34.658385949214335],[-58.41325190580218,-34.65841868172954],[-58.414040275112676,-34.65851414880445],[-58.414558284750264,-34.658611743014845],[-58.415217868714045,-34.65884104420353],[-58.41578005917602,-34.65898628764055],[-58.415957199152,-34.659069400182396],[-58.416187496455784,-34.659132391831825],[-58.41639876755241,-34.65913038831439],[-58.416891616228234,-34.65937831600569],[-58.417318748386066,-34.65945241267832],[-58.41770831737229,-34.65960281379519],[-58.417829589158146,-34.6595169994409],[-58.41790175214055,-34.65950748667189],[-58.41795945259788,-34.65955520734252],[-58.41799749255535,-34.65965211442492],[-58.418101381537966,-34.65968554224041],[-58.418684324815764,-34.659857477125996],[-58.41946422358533,-34.66001302308492],[-58.420026974944314,-34.66017063344226],[-58.420894934395214,-34.66047359428238],[-58.421087701012866,-34.66056756862175],[-58.421849549928275,-34.6608611841811],[-58.42249594079704,-34.6611738365982],[-58.42328944534934,-34.66160377175157],[-58.42404389143818,-34.6620516470974],[-58.424688004873126,-34.6612298621343],[-58.42644378824212,-34.659076590647764],[-58.42674830161659,-34.658677947377946],[-58.42948634758512,-34.65670900750986],[-58.43070315718689,-34.65579452166045],[-58.43081385556131,-34.65569633311573],[-58.43129074683368,-34.65543152819845],[-58.4313912580105,-34.65533859620062],[-58.43443587935198,-34.653117109717876]]]}},{"type":"Feature","properties":{"id":20,"nombre":"Nuñez","comuna":13},"geometry":{"type":"Polygon","coordinates":[[[-58.46918578969931,-34.55893483100514],[-58.469651203254436,-34.55842712036059],[-58.47087360351467,-34.557036526429535],[-58.47274446085441,-34.55464443958179],[-58.47443734115173,-34.55242741425036],[-58.46837465220388,-34.54908231498778],[-58.46819097058801,-34.54894654457668],[-58.469130617012354,-34.547767672422545],[-58.47043250710375,-34.54607263202276],[-58.474928859632094,-34.53999459922243],[-58.475954554668476,-34.53863739298881],[-58.46379760134568,-34.53326775010111],[-58.46107289342538,-34.53013796743443],[-58.46088369096864,-34.52984446088707],[-58.460656497442166,-34.52935634825589],[-58.46049761486628,-34.529085369438526],[-58.460311158117165,-34.52882670601103],[-58.45979966540014,-34.52819465528654],[-58.459600169554186,-34.52797079199353],[-58.45950666937961,-34.52783738241708],[-58.45946750286237,-34.5276487589919],[-58.45947505632855,-34.52745576326602],[-58.45929878847121,-34.52720641395445],[-58.45920406516786,-34.5271003788173],[-58.45909138127794,-34.52700714874953],[-58.45862476200739,-34.526709704738195],[-58.458322811179286,-34.52659464917108],[-58.458068164926566,-34.52653484735144],[-58.45780667095089,-34.5265008590417],[-58.457524879306106,-34.526505647077265],[-58.45725195924476,-34.52656390613018],[-58.45680516311604,-34.526710583363176],[-58.45655732507341,-34.52683650017718],[-58.455558958383456,-34.52745140511188],[-58.45404996228834,-34.52930531075897],[-58.45212570175306,-34.52994039620261],[-58.45195093067193,-34.53002073233169],[-58.45188619828286,-34.53006715204006],[-58.45182361944009,-34.53014214160227],[-58.45169198036715,-34.53035283059303],[-58.451666079661024,-34.53042603794619],[-58.451679009059305,-34.53054031791505],[-58.45185588236092,-34.53087424279169],[-58.452042396022506,-34.53116880840965],[-58.45230276696245,-34.53148780108246],[-58.452700398586465,-34.53203162638408],[-58.4532190448707,-34.53283304563158],[-58.45413535224778,-34.53417828301314],[-58.454411986222304,-34.534521749150755],[-58.45451982873735,-34.53475162577327],[-58.45466751058878,-34.53494840272232],[-58.45491245977915,-34.53515711125131],[-58.454898045136616,-34.53520481134496],[-58.45496648619892,-34.53527636720969],[-58.45525994850468,-34.535384826461595],[-58.45538905697449,-34.535453524019466],[-58.455508796886846,-34.53554543271898],[-58.456880731227685,-34.536241629905476],[-58.45853187504567,-34.53700007290183],[-58.45854022021847,-34.53698660066455],[-58.45884718742898,-34.537127938593386],[-58.458717967963096,-34.53721685376504],[-58.45944479730046,-34.53780552914966],[-58.45828635090432,-34.538604380921726],[-58.457496490004765,-34.53901104663837],[-58.45474932991871,-34.54033260908041],[-58.452583778398854,-34.54097886276194],[-58.45234615583327,-34.54106046357546],[-58.45170894058859,-34.541325905101395],[-58.44927718554516,-34.54265892258678],[-58.44940842392648,-34.542764350028364],[-58.44996708454129,-34.54354902230885],[-58.4521263973128,-34.54629085569269],[-58.45217736495556,-34.54639121479827],[-58.45366571826496,-34.548319979434915],[-58.45382093380409,-34.54857373065386],[-58.45412346169102,-34.54899122858818],[-58.454163356747124,-34.54920356072899],[-58.45415975850297,-34.549411029992044],[-58.45339553634792,-34.550059225647416],[-58.45300863878128,-34.5505104719913],[-58.46253491929363,-34.55548665259607],[-58.4628393912865,-34.55562039014813],[-58.46918578969931,-34.55893483100514]]]}},{"type":"Feature","properties":{"id":21,"nombre":"Palermo","comuna":14},"geometry":{"type":"Polygon","coordinates":[[[-58.44904676119445,-34.567859827048814],[-58.44785691346942,-34.56671888363027],[-58.44262451863038,-34.563632269365975],[-58.44253792836607,-34.5636951427871],[-58.44116517463695,-34.56214001582999],[-58.44052418240242,-34.56224253002507],[-58.439573039652835,-34.5623620855656],[-58.438435805905556,-34.56248159593368],[-58.436430168109744,-34.562583803062644],[-58.435830563870546,-34.56254945952307],[-58.435405433619195,-34.562543094594],[-58.434861490176466,-34.56209525140676],[-58.434960847039065,-34.56179829631029],[-58.435938562894606,-34.561916268404644],[-58.43655308016808,-34.56193464408221],[-58.437279902598384,-34.56188043422361],[-58.43766034366643,-34.56183333036137],[-58.43798307694817,-34.56176290332876],[-58.43825099008908,-34.561689928488875],[-58.43868943074011,-34.561538887817086],[-58.43924358388997,-34.56129216198463],[-58.43947192321032,-34.56117382399658],[-58.439697290020334,-34.56103034326841],[-58.43989515835192,-34.56089685729751],[-58.44033066344391,-34.560562003501744],[-58.440656425174275,-34.56028248003852],[-58.44096101122446,-34.55991985273797],[-58.44113152747517,-34.55955219925914],[-58.44138828018455,-34.55882208848241],[-58.44134025034915,-34.55857925751683],[-58.44125366733226,-34.55830458741591],[-58.441167158312986,-34.558077665934064],[-58.44106131376859,-34.55790250180212],[-58.440916994165654,-34.55772733052577],[-58.440695735091076,-34.55751636984848],[-58.44044561932123,-34.557309275903],[-58.44016179630621,-34.557110204081724],[-58.439542031744864,-34.556803810167544],[-58.43881459168942,-34.55651119512737],[-58.43798925400528,-34.556266091440136],[-58.43770175306095,-34.55615349440089],[-58.43733384865142,-34.55592827039186],[-58.437102038313235,-34.55575173819217],[-58.43669017584574,-34.555386500033485],[-58.436246392722076,-34.555035338226084],[-58.43598521801039,-34.55486569871285],[-58.43533842733488,-34.5545331502805],[-58.43411372952909,-34.5539635506837],[-58.43465660855799,-34.55359987138236],[-58.434633385043654,-34.55331621675238],[-58.4344261987988,-34.55305621010804],[-58.432335420417324,-34.551863982695856],[-58.431843782040445,-34.55151571858738],[-58.43168355732801,-34.55142047811737],[-58.43098714459271,-34.55112501627761],[-58.43066661032947,-34.55104441172071],[-58.42976220444776,-34.55094233574065],[-58.429401564156706,-34.55095644628778],[-58.42914758003455,-34.551017043534586],[-58.42878668537527,-34.551158041948675],[-58.426761606207826,-34.55203002024557],[-58.426671279732936,-34.55200844741999],[-58.426574842020905,-34.55182500542116],[-58.4265005421999,-34.55180954354172],[-58.426081008448016,-34.55196746796463],[-58.42602010589908,-34.55185829178647],[-58.425668022697465,-34.55197218736329],[-58.42558271285858,-34.551854466377456],[-58.424323232237285,-34.549364839056665],[-58.42446504456275,-34.5492614242983],[-58.42473112308554,-34.54910598922469],[-58.42476300381988,-34.549054598806805],[-58.42472319775072,-34.54902163720871],[-58.424415689969855,-34.54921000810846],[-58.42438543433476,-34.54919154701426],[-58.424269122179226,-34.54926399774989],[-58.42425161247198,-34.5492389508909],[-58.4242102007209,-34.54923366579608],[-58.42418071379557,-34.54927451314631],[-58.42419882007931,-34.54931038820529],[-58.42423340599072,-34.54931898539634],[-58.425704542147976,-34.55216363570151],[-58.424237065448274,-34.552650413002986],[-58.42288697804703,-34.5530243859248],[-58.42283328328588,-34.552876050549],[-58.42231795861908,-34.55298916851394],[-58.422379282509866,-34.55313703792715],[-58.42040353560577,-34.55361714220687],[-58.42036398140989,-34.55359003499559],[-58.42027256487127,-34.55359113170177],[-58.41968171032748,-34.553709455272454],[-58.418995704218126,-34.55378774276548],[-58.41813707494871,-34.55391773792604],[-58.41703140664205,-34.55411862361324],[-58.416077928503086,-34.55432900290282],[-58.41595928518177,-34.55421945485207],[-58.41594010131777,-34.55436394503604],[-58.41587186701431,-34.55438649630261],[-58.415171897539814,-34.554579740416514],[-58.414182408561246,-34.55488592554819],[-58.414144230182714,-34.554841883568095],[-58.414055575661855,-34.55478427457651],[-58.41404053425638,-34.55483958400021],[-58.41405139587492,-34.554931028274616],[-58.41332939995788,-34.555196658911846],[-58.41258699454617,-34.55552083695869],[-58.411180473334376,-34.556252892534054],[-58.41108357194754,-34.55629236218451],[-58.41094240325543,-34.55620763518065],[-58.410946444656915,-34.55629061012956],[-58.41097437264238,-34.556360048669596],[-58.41017047975179,-34.556735364757614],[-58.41008451020586,-34.55665713387722],[-58.41004341813214,-34.55668446891541],[-58.40992402323836,-34.556603576640356],[-58.40982446707337,-34.556573541637256],[-58.409718731921316,-34.556567723430945],[-58.4095669480299,-34.556604879424484],[-58.409522256094505,-34.55662862862211],[-58.409446442461046,-34.55670984729313],[-58.409389792301674,-34.55685581860023],[-58.40939428480862,-34.55695836982526],[-58.409482144445825,-34.557104304829586],[-58.409435791979014,-34.557139527547875],[-58.40952571267121,-34.55721823816359],[-58.40946980473418,-34.55727435763033],[-58.409329045592386,-34.55761183271796],[-58.409304409775096,-34.55772809718755],[-58.409283771759476,-34.557992247611786],[-58.409252988256554,-34.558119798212836],[-58.409246838189425,-34.5581350354637],[-58.40912061918046,-34.55814048284031],[-58.409066027072015,-34.55815964967938],[-58.40916556769808,-34.5582307015096],[-58.40922561196577,-34.55825341807971],[-58.40918051862329,-34.55835386903283],[-58.40918048937945,-34.558399024495216],[-58.409225487052545,-34.55844645768237],[-58.40921045859479,-34.558475802083706],[-58.40897562350599,-34.55869357297782],[-58.40885896276954,-34.5586873121349],[-58.40878320133662,-34.5587358204612],[-58.40782561642494,-34.55968464506526],[-58.40749151444748,-34.560036278743496],[-58.40706271560827,-34.56053956536012],[-58.406592845437274,-34.56102859365857],[-58.40482368941713,-34.562666825442975],[-58.4047536463267,-34.56277892769831],[-58.40474338646716,-34.56285352404651],[-58.40475651667457,-34.56292781160494],[-58.404712276289146,-34.56295036664207],[-58.40466050759445,-34.562946627002624],[-58.404432050536215,-34.5628274041791],[-58.40391075999524,-34.563484736075736],[-58.40366929349583,-34.5633532334679],[-58.403737133327084,-34.56326376201774],[-58.40340052621344,-34.56307862343556],[-58.403328000741425,-34.56316966088391],[-58.40185688178244,-34.562417333209815],[-58.39892624013829,-34.56087624441379],[-58.398947928011026,-34.560835942179104],[-58.398789758489,-34.56075319053227],[-58.39867952429921,-34.56089241820391],[-58.39870603620629,-34.560906742405436],[-58.398695647466596,-34.56092009336874],[-58.39883281724119,-34.56099171673532],[-58.398880142690885,-34.560932592708475],[-58.4015614349261,-34.56234265139089],[-58.403258140170976,-34.56321999742914],[-58.40328960780808,-34.56321809646609],[-58.4032228803758,-34.563307109388674],[-58.40356419254642,-34.563492943052886],[-58.40363619438738,-34.56340279131663],[-58.403936053308804,-34.56356643305699],[-58.403815565216476,-34.56366718828357],[-58.403654189598925,-34.563769151163896],[-58.40338122284385,-34.56388023113579],[-58.40297746811771,-34.56395233851731],[-58.402605003947706,-34.56396129888846],[-58.40243109153823,-34.563938496321455],[-58.402163243706234,-34.563871161043664],[-58.40181380571385,-34.563671754698376],[-58.401598297684465,-34.563481798073205],[-58.40126166498409,-34.5633480656211],[-58.40111744027096,-34.563338177498586],[-58.4009433305612,-34.56341850055363],[-58.40088330613722,-34.56349574477315],[-58.400876340649575,-34.56355775222872],[-58.40087576997123,-34.563633201437874],[-58.400958091763016,-34.56372665395184],[-58.40089578782794,-34.56376859890344],[-58.40091768433001,-34.56378864432517],[-58.40092146339194,-34.56382193417825],[-58.40110581234354,-34.56404145105726],[-58.4009774489697,-34.564134402111],[-58.40100480682201,-34.56417496138856],[-58.400928995115265,-34.564212893515794],[-58.40089375385157,-34.56425241843173],[-58.400847649064694,-34.56422019676068],[-58.400713525195606,-34.564305989054326],[-58.40033464296819,-34.56399454748351],[-58.40022632704739,-34.563963412145604],[-58.40006785610464,-34.56385767202573],[-58.399813103429786,-34.56372016132618],[-58.399607896388424,-34.563638009190804],[-58.399516808935424,-34.56361888201507],[-58.39921117582483,-34.56366546818596],[-58.398848971384886,-34.56379597730459],[-58.39850286621569,-34.563982780837335],[-58.39787624229934,-34.56453863557888],[-58.397575116063834,-34.56471401242237],[-58.39737894362132,-34.56487418046316],[-58.39703979420499,-34.56500660495255],[-58.396925549180814,-34.56510194456683],[-58.39684012852724,-34.56520683957503],[-58.396777755335286,-34.565331781307734],[-58.396752388115544,-34.56544674545297],[-58.396750855306934,-34.565561225899714],[-58.39676808619632,-34.56564590456512],[-58.39687887251301,-34.56583422800322],[-58.39694661912953,-34.56591908735736],[-58.39705034059167,-34.56600738982249],[-58.397131949907845,-34.5660321386019],[-58.39739333290266,-34.56615954441088],[-58.397503476426955,-34.566241078433],[-58.39768943566337,-34.56654782515557],[-58.398220991667195,-34.56702869390304],[-58.39865464064717,-34.567364020855976],[-58.39887689317184,-34.567583124749525],[-58.399411432192245,-34.568134983503775],[-58.400190826728426,-34.56901765878398],[-58.39992623801226,-34.569187162138874],[-58.39750906192478,-34.56670200735361],[-58.397411755019775,-34.56663039236553],[-58.39729405799168,-34.56659784945781],[-58.39719838949651,-34.56660569329363],[-58.39698334239346,-34.56667476841259],[-58.39651284678744,-34.56689959738801],[-58.39620438366358,-34.567235932807996],[-58.39583555175947,-34.56776110919742],[-58.39578633424462,-34.567739070039224],[-58.39575158241312,-34.56779240988887],[-58.39579929236577,-34.56781377666412],[-58.39524770359259,-34.56862409487589],[-58.395208838974874,-34.56877447087903],[-58.395212081415536,-34.5689622579415],[-58.394919878835836,-34.569257663466075],[-58.3948440989883,-34.569198520744166],[-58.394736486470336,-34.56915835045919],[-58.394649499660794,-34.56917028694179],[-58.39456645369645,-34.56923459487597],[-58.393883504468214,-34.57039357935063],[-58.392844035532704,-34.57223854015185],[-58.39321300395259,-34.572217459067375],[-58.39432813944651,-34.572296123527934],[-58.39482489558856,-34.572315065434594],[-58.39521040516281,-34.57219633516644],[-58.39880175804048,-34.57014923031088],[-58.39934418719556,-34.569875777642594],[-58.4001310817211,-34.56935463624212],[-58.39981048275632,-34.569803898801524],[-58.3997022573878,-34.570023478706126],[-58.39965580847329,-34.57020478189763],[-58.399634041448884,-34.57040908342116],[-58.39964009513058,-34.57056742848786],[-58.39972018078614,-34.57081264566095],[-58.4003062620523,-34.571507613196104],[-58.400666367100506,-34.571869936691655],[-58.40174950128075,-34.573137814765516],[-58.40203200094389,-34.57352293352119],[-58.402650681613316,-34.574146009020055],[-58.401656336739215,-34.575323111404266],[-58.40114888534915,-34.57574233895357],[-58.400512495076356,-34.57616149810312],[-58.399944927450534,-34.576495369692026],[-58.39905064129638,-34.57692860701706],[-58.39858627930136,-34.577177208383134],[-58.39656419598135,-34.578512233282034],[-58.398113720474804,-34.58070759154796],[-58.39936593960408,-34.58272047345798],[-58.39927933340058,-34.58273585143911],[-58.40054799256822,-34.584477245354066],[-58.40113089032275,-34.583947252663485],[-58.401947330422416,-34.58343181108031],[-58.40617642820399,-34.58346470960735],[-58.40640225665762,-34.58381397657757],[-58.41008489098123,-34.589062491173905],[-58.41352670084253,-34.59307844839384],[-58.414397287745764,-34.59405930920153],[-58.41600403600113,-34.597859933549024],[-58.42284263479575,-34.59771800262326],[-58.42337046439579,-34.59775309579909],[-58.42354244525393,-34.5976359201193],[-58.42484614314645,-34.597067111935914],[-58.42602719498809,-34.59661930265],[-58.42695332660271,-34.596215770667236],[-58.429351798650025,-34.59475073487385],[-58.43028520406779,-34.59416872832367],[-58.43850039170945,-34.58869607371202],[-58.444588211785494,-34.58467138375304],[-58.444788089964234,-34.584519157278116],[-58.444402238746825,-34.583197455104525],[-58.44445103343923,-34.583176475673376],[-58.44343418819475,-34.581802697597084],[-58.43994155146995,-34.5785526522915],[-58.44089118052464,-34.57780218157721],[-58.441816755510914,-34.576823667235594],[-58.442730481082044,-34.57616895308369],[-58.44397422558434,-34.575370125943124],[-58.44074720899485,-34.57211211395189],[-58.442206051780346,-34.5713082030005],[-58.44364228945086,-34.570569765836325],[-58.446693559140755,-34.569071596712725],[-58.44904676119445,-34.567859827048814]]]}},{"type":"Feature","properties":{"id":22,"nombre":"Parque Avellaneda","comuna":9},"geometry":{"type":"Polygon","coordinates":[[[-58.49530206457031,-34.644852439732254],[-58.49496388833781,-34.644692314869516],[-58.49484066269529,-34.64466276954655],[-58.48962363764423,-34.6421648313428],[-58.483901181511705,-34.63946154148118],[-58.47854619256344,-34.63699885547771],[-58.47835740783902,-34.637131697316256],[-58.476073061293455,-34.63893922752052],[-58.47441621012552,-34.63792149372451],[-58.473493125850155,-34.63731290611635],[-58.47130386272256,-34.636659753938936],[-58.469243330807224,-34.64140132363981],[-58.46799084591202,-34.64242159848825],[-58.465086748719706,-34.6447163428072],[-58.46469708628312,-34.64495465970819],[-58.46341773491878,-34.64592446390839],[-58.46300023686061,-34.64617448926002],[-58.46335859841593,-34.646832076800386],[-58.46388658433841,-34.647558316121575],[-58.4644112313925,-34.648158129598315],[-58.46703464979254,-34.65147244740454],[-58.46663027719423,-34.651792984205834],[-58.46651902959733,-34.65194813059596],[-58.46637736198541,-34.65208306252457],[-58.46542779937023,-34.65290062446608],[-58.46459428522183,-34.65353789391738],[-58.463940058605964,-34.653961352098804],[-58.46367834931962,-34.65418353833797],[-58.46257405991862,-34.655028260304526],[-58.46162940975991,-34.655824121399476],[-58.46147793022523,-34.65598502076321],[-58.46111399602852,-34.65628813963295],[-58.46040313335783,-34.65681049338793],[-58.46071100015464,-34.65712082471737],[-58.46158151873423,-34.65788256463881],[-58.46443135241803,-34.66005337230465],[-58.4651946879459,-34.659429221331024],[-58.46719176976087,-34.65790188872849],[-58.46765625455309,-34.65751952387692],[-58.46955682463585,-34.65910942700471],[-58.470111047312656,-34.65872661646275],[-58.47057138882731,-34.658430914433694],[-58.47251602641475,-34.66277676243772],[-58.472976225113975,-34.662456584477255],[-58.47421668629245,-34.66150351730595],[-58.474442851970366,-34.66129011517265],[-58.477700653143685,-34.658742294404774],[-58.481554950588176,-34.65567204086006],[-58.483752645083094,-34.65393745556547],[-58.48647023111564,-34.65183343369437],[-58.48924056271285,-34.64961264845852],[-58.49530206457031,-34.644852439732254]]]}},{"type":"Feature","properties":{"id":23,"nombre":"Parque Chacabuco","comuna":7},"geometry":{"type":"Polygon","coordinates":[[[-58.454379774338605,-34.631505131229225],[-58.45157819570984,-34.63064368852886],[-58.44292736787249,-34.629356691984924],[-58.426758704696695,-34.62700303506082],[-58.426018284140234,-34.63027390255916],[-58.42580560577983,-34.631288566164734],[-58.425185972136575,-34.63370551101121],[-58.42486269629172,-34.634880773041196],[-58.42438877632778,-34.636781838551954],[-58.42349481677904,-34.64020460971672],[-58.43092623623345,-34.641448862356704],[-58.43234695414734,-34.64174550061151],[-58.432110074021494,-34.645167863527476],[-58.43262063815403,-34.64522017690079],[-58.43742459106528,-34.647356519034055],[-58.43787250796383,-34.64695696169176],[-58.442390950323166,-34.642725814370316],[-58.44295410043636,-34.64199541005236],[-58.44308008824637,-34.641782048649475],[-58.44424608651493,-34.642811119164534],[-58.44525358714735,-34.6420440121951],[-58.445311040905736,-34.64193254073249],[-58.44956079009405,-34.638695318125684],[-58.451304511578,-34.637516542618265],[-58.45144278520724,-34.63747134917929],[-58.454379774338605,-34.631505131229225]]]}},{"type":"Feature","properties":{"id":24,"nombre":"Parque Chas","comuna":15},"geometry":{"type":"Polygon","coordinates":[[[-58.48879415727158,-34.58482403134742],[-58.4789890918047,-34.579130861790425],[-58.475425280413276,-34.57996417063962],[-58.47492216212326,-34.580571484662286],[-58.473996177957986,-34.58163278669956],[-58.47357199750379,-34.58177078266166],[-58.473657673926496,-34.58192535632214],[-58.4736316290048,-34.582002613372474],[-58.473649006334014,-34.58206733152368],[-58.470816590465546,-34.587450980992124],[-58.471235992436924,-34.587808038371435],[-58.47572522993756,-34.59131314699012],[-58.475890169642184,-34.591729162392305],[-58.47720435282813,-34.59135338293095],[-58.481289265332336,-34.590305464925294],[-58.48186240128454,-34.59012284074439],[-58.48471116308242,-34.58912468077005],[-58.48689461131224,-34.58680304034448],[-58.48879415727158,-34.58482403134742]]]}},{"type":"Feature","properties":{"id":25,"nombre":"Parque Patricios","comuna":4},"geometry":{"type":"Polygon","coordinates":[[[-58.412103892117266,-34.648586868231185],[-58.41334254776815,-34.64347745104511],[-58.41343978153421,-34.64345932189875],[-58.4129418232914,-34.64232650159393],[-58.41175810274256,-34.63945386936044],[-58.41137011399691,-34.63843961110772],[-58.41051545634473,-34.63571372558299],[-58.41049206922788,-34.63524181008535],[-58.41088376935537,-34.63451281727809],[-58.411524050933046,-34.63286110190784],[-58.411782811125846,-34.63036027048347],[-58.40836812467837,-34.6295203914632],[-58.398598161218764,-34.628410376997714],[-58.39216377407576,-34.62726797946864],[-58.391174186861434,-34.62725739800159],[-58.39035697026888,-34.634128602067136],[-58.38988582697721,-34.64020957225905],[-58.3914754867334,-34.64083059494043],[-58.39140444474249,-34.64209028207305],[-58.40038364537655,-34.645906473305054],[-58.40049628278122,-34.645922446757915],[-58.40033647746207,-34.646362722930554],[-58.40046557895011,-34.64641453617352],[-58.40046944364046,-34.646479221030596],[-58.40060635289558,-34.64655691147244],[-58.40108756192721,-34.64673503691882],[-58.40154538658591,-34.64678701627533],[-58.40152784429683,-34.64686234498235],[-58.412103892117266,-34.648586868231185]]]}},{"type":"Feature","properties":{"id":26,"nombre":"Paternal","comuna":15},"geometry":{"type":"Polygon","coordinates":[[[-58.47401769558466,-34.605316418353674],[-58.47638257781589,-34.60237107368214],[-58.47697240245257,-34.6015893064937],[-58.477499708181476,-34.60083050287424],[-58.47639330823987,-34.60020498085559],[-58.478832163758454,-34.59967637826255],[-58.477880682906566,-34.59709356795671],[-58.47711666943097,-34.59512051474555],[-58.4760368181732,-34.5921000550855],[-58.47572522993756,-34.59131314699012],[-58.471235992436924,-34.587808038371435],[-58.470816590465546,-34.587450980992124],[-58.47023214297737,-34.587939228813845],[-58.466959083287456,-34.590520683518875],[-58.466532126776734,-34.59077788262987],[-58.46588118872456,-34.59121371583278],[-58.464410674738474,-34.592472807973365],[-58.464383340566116,-34.592557035439725],[-58.46520033553486,-34.59534188744646],[-58.46562158311472,-34.59670973743522],[-58.46554169395277,-34.59665173325999],[-58.46545206488289,-34.59662434333259],[-58.46527256146072,-34.5966074428819],[-58.46461554099933,-34.59648399914624],[-58.46376937993755,-34.59643287752143],[-58.45927712189113,-34.596682886690694],[-58.45794015411769,-34.59700600985141],[-58.45623823399996,-34.597595439389124],[-58.45816464561099,-34.60383436486436],[-58.458936500387324,-34.60437891052652],[-58.46527994666891,-34.602764229150054],[-58.46891355826054,-34.60186572269597],[-58.46929342373715,-34.60217042770263],[-58.47019573471758,-34.60281144623145],[-58.47043532272966,-34.60294284266856],[-58.471610807868615,-34.60382637096152],[-58.47401769558466,-34.605316418353674]]]}},{"type":"Feature","properties":{"id":27,"nombre":"Puerto Madero","comuna":1},"geometry":{"type":"Polygon","coordinates":[[[-58.36951785003697,-34.59832620408328],[-58.368869352190124,-34.59834581919167],[-58.36812186957484,-34.598442130527474],[-58.367986245292514,-34.59840681240611],[-58.3677832562577,-34.598297919614666],[-58.36736497419749,-34.598264703986615],[-58.366612058702614,-34.598329955917265],[-58.36596656057131,-34.59829775233416],[-58.36409433146843,-34.598161101536384],[-58.36386739661262,-34.59814112790318],[-58.36373645451173,-34.59810932982939],[-58.363239410879366,-34.59806631753711],[-58.36353785160485,-34.597191783763016],[-58.363437795770324,-34.597169356560286],[-58.36345172323722,-34.59713048870585],[-58.36328109797689,-34.597090362772825],[-58.359257451874186,-34.59524922321292],[-58.35853509351516,-34.595188862496784],[-58.35769230708235,-34.59514830757202],[-58.357328011820435,-34.595097081204806],[-58.356488933776454,-34.59503450590226],[-58.35625846192807,-34.59508464644989],[-58.355937112463614,-34.59512559611926],[-58.355731127858206,-34.595193345928706],[-58.35544208107028,-34.59531620889799],[-58.35511399931613,-34.595634597507285],[-58.35491503188452,-34.59579782542223],[-58.35469436644495,-34.59594071473276],[-58.35425864458809,-34.596179195912796],[-58.353442385181246,-34.59669698000774],[-58.35330085852175,-34.59685187913604],[-58.3530525666311,-34.59704484159514],[-58.35281548040499,-34.597488240522566],[-58.3523880196584,-34.59794339097962],[-58.35211100706017,-34.59804092425822],[-58.35196374093359,-34.598171966738754],[-58.35179328680746,-34.59838646224608],[-58.3515304937063,-34.59863426343967],[-58.3513313015082,-34.598770026992526],[-58.351158047783926,-34.598920124132526],[-58.35095020434574,-34.59905349394182],[-58.35067824379587,-34.59916603366682],[-58.3505894199361,-34.599243962516795],[-58.350497054921455,-34.59929634713673],[-58.3503265871765,-34.59951561086168],[-58.35021398669086,-34.599601367901],[-58.35001462274585,-34.59986114944989],[-58.349878920188104,-34.59996596421962],[-58.34973739110232,-34.60011370363008],[-58.349558405128676,-34.60023278781911],[-58.34935061232916,-34.60032560986396],[-58.34877882264922,-34.60084023800477],[-58.34861432268403,-34.60090924869126],[-58.34857453663146,-34.600953623437036],[-58.348263579920356,-34.6011109875261],[-58.34800412339784,-34.60128840023487],[-58.34779258148466,-34.601523080899526],[-58.34761507329086,-34.60161235088618],[-58.34749377402768,-34.60172671636654],[-58.34736269403995,-34.601822062351204],[-58.34711794803709,-34.602087913876346],[-58.34703330924113,-34.602233164040285],[-58.34682437429104,-34.60233872017849],[-58.346766258328856,-34.60243152308757],[-58.346751425989424,-34.60272486571837],[-58.34666037563306,-34.60281803256431],[-58.34665635557405,-34.60286646056199],[-58.34671079274714,-34.602906088325234],[-58.346727892160146,-34.603053975632406],[-58.34666133568767,-34.60320893757445],[-58.34658890312136,-34.60344021539725],[-58.346631955560866,-34.60359289784838],[-58.34656831864636,-34.60372162755175],[-58.34653917491209,-34.603936250607084],[-58.346547717340606,-34.604014964575086],[-58.34647245262764,-34.604208078821294],[-58.346481002790476,-34.604282022476795],[-58.34639417373252,-34.60449420597524],[-58.34632167241209,-34.60477318312329],[-58.34624405621861,-34.60481625070035],[-58.346083612135814,-34.604998126042254],[-58.34611960203635,-34.605044668531775],[-58.34609149892582,-34.60508323359011],[-58.34609620868135,-34.60511402393631],[-58.34614802097342,-34.60519039341195],[-58.34613622573144,-34.605374028597026],[-58.34617365980116,-34.6054193798747],[-58.346158923032206,-34.60564355724654],[-58.346124108819616,-34.605786624399016],[-58.346115136664544,-34.60601319244762],[-58.34608904984632,-34.60610379805373],[-58.346068583669414,-34.6062993488699],[-58.34588051566514,-34.60670939113965],[-58.34574469365506,-34.60688813649761],[-58.34562625088957,-34.607014427658875],[-58.3452076869719,-34.60723582955022],[-58.34511236313545,-34.60733113821238],[-58.344930456848424,-34.60745975235417],[-58.344780365136714,-34.607528771756755],[-58.34460711874804,-34.607652624406356],[-58.34400383270256,-34.60794777771781],[-58.34361105909356,-34.60828129455787],[-58.3432270600979,-34.60852895844213],[-58.34305957079837,-34.608657584852125],[-58.342684097364994,-34.60899111570975],[-58.34221126119388,-34.60936826588504],[-58.34202572211123,-34.60946985106024],[-58.341722428498485,-34.60975336501321],[-58.341471292246815,-34.60987475035462],[-58.34128636791876,-34.61008683200916],[-58.34122294407341,-34.61021215882821],[-58.34101488705456,-34.61046189988031],[-58.34086724732706,-34.61066835461807],[-58.340743507916464,-34.61123275105768],[-58.340552185352045,-34.6118693569993],[-58.34033928785002,-34.612463010704694],[-58.340058003207155,-34.61367026978056],[-58.33998269815521,-34.61387530453055],[-58.33994166611337,-34.61431172053666],[-58.33994418058527,-34.614562149167746],[-58.33986582955643,-34.61487450645146],[-58.339851151763966,-34.61504621202226],[-58.33985112775768,-34.61566781915369],[-58.33987707464778,-34.61609972445709],[-58.33998642805592,-34.616281095150285],[-58.340450282433,-34.61668844578997],[-58.340718261518056,-34.616899073261],[-58.340854933601385,-34.61694389474389],[-58.34115278623445,-34.61702138576532],[-58.3415420326851,-34.617062811011074],[-58.342094203358094,-34.61707728178495],[-58.3424619800791,-34.61705962503855],[-58.34263634034159,-34.617084346575915],[-58.34288322348943,-34.61716395386667],[-58.34303178468871,-34.61724335878114],[-58.34349348734085,-34.617386486191556],[-58.344636321410505,-34.617710099359485],[-58.344862487949804,-34.61773245468687],[-58.34501367634897,-34.61771856972116],[-58.34527956501875,-34.617614461742846],[-58.34539805135759,-34.61754871383488],[-58.34553216292245,-34.61750839961845],[-58.3456740588389,-34.617495876899376],[-58.34580529381664,-34.6175348520706],[-58.34618544312165,-34.6175539710945],[-58.34672340969373,-34.6174313559264],[-58.34717908191375,-34.617360960462996],[-58.347292916158445,-34.61730910410985],[-58.34749929886995,-34.61725096554836],[-58.347610208518134,-34.61718816703492],[-58.34761095254955,-34.617170572035754],[-58.34772449892008,-34.6171200036708],[-58.34781402464586,-34.6170509225495],[-58.34792370458313,-34.61701048138944],[-58.348004466178494,-34.61702009836566],[-58.34822377960135,-34.61697260503343],[-58.34829884134812,-34.61693213087515],[-58.34839694143958,-34.61692029753477],[-58.34853752602399,-34.61693311193582],[-58.348653694942065,-34.61691815393891],[-58.34885326433917,-34.616944245312744],[-58.348918024943885,-34.616976361762624],[-58.349172896827994,-34.616985631468445],[-58.34921290888269,-34.61701577223658],[-58.34948591298834,-34.61707924426092],[-58.349489517216576,-34.61710634063161],[-58.349540412005055,-34.61716659478632],[-58.34970785443848,-34.61720588515709],[-58.34975148751026,-34.61725108079026],[-58.34997342982175,-34.617377721201315],[-58.35004986275634,-34.61740187485337],[-58.35007162424358,-34.617465112069276],[-58.35016623891,-34.617507344526686],[-58.350184224515694,-34.617669919242],[-58.35022783767676,-34.61773016635317],[-58.35014385637094,-34.61790167751658],[-58.35018738794735,-34.618022131240764],[-58.35017995842152,-34.618130496367826],[-58.350227567751034,-34.61821127715191],[-58.35015181120184,-34.618252333468],[-58.350051250117836,-34.61823756595272],[-58.34992709854435,-34.61816652607361],[-58.34979982038545,-34.61822021253063],[-58.34986766040566,-34.61836701765487],[-58.349988834172756,-34.61845272902869],[-58.35010712202843,-34.61848463279688],[-58.350121794170526,-34.61857269162194],[-58.34997793938646,-34.61864608502925],[-58.34997367686602,-34.618721740780664],[-58.35025463186218,-34.61878314381273],[-58.35034354891332,-34.618658495914474],[-58.35041456138086,-34.618648779446886],[-58.35053601065746,-34.61853149815511],[-58.350728266000246,-34.61855613302088],[-58.3506926640376,-34.61863191582115],[-58.350550589568016,-34.61868803584954],[-58.35040279203193,-34.61884613877444],[-58.35037570948102,-34.61893978016405],[-58.350446616253834,-34.6190083256855],[-58.35057380873174,-34.61902746683282],[-58.35067128215902,-34.61913081712173],[-58.35068305524135,-34.61917485059254],[-58.35103830025808,-34.61919764859846],[-58.351224318057554,-34.61922891859672],[-58.35127133932558,-34.61935665770833],[-58.3514693332924,-34.619364231504],[-58.351923270152184,-34.61962439469222],[-58.35221965822539,-34.61963756153665],[-58.352570996819516,-34.61954285426077],[-58.35269850298577,-34.619775295350834],[-58.35293614285678,-34.61975546842589],[-58.35309082367113,-34.61954148249532],[-58.3535230866013,-34.61940937356785],[-58.354079318004544,-34.619705660875645],[-58.35425512483615,-34.61946832939839],[-58.355145559185225,-34.61955481729848],[-58.35550040975842,-34.61882484761465],[-58.35581489828777,-34.61811940943076],[-58.35601620755281,-34.617610896798965],[-58.36165569727364,-34.62352036171524],[-58.361666585000634,-34.62351326129932],[-58.36200708715752,-34.62387002849088],[-58.36199619941167,-34.623877129838164],[-58.363201122687805,-34.62513957573468],[-58.36346055194598,-34.625125657716545],[-58.36352656160801,-34.624994371474884],[-58.364158436612335,-34.6246918550707],[-58.36550581992286,-34.62392538132948],[-58.36579132236112,-34.62399168476058],[-58.36584530197631,-34.62379912000557],[-58.36594169624673,-34.62266643831765],[-58.36839501939852,-34.601034424917216],[-58.369077897009,-34.59935901314343],[-58.36951785003697,-34.59832620408328]],[[-58.36388827477905,-34.617846528051786],[-58.36391898017035,-34.61757732433639],[-58.36389199692048,-34.617533076010716],[-58.363198542546925,-34.617476958093526],[-58.3631634181544,-34.61744725544111],[-58.36373779648621,-34.6123841404094],[-58.363750947351456,-34.61236401611808],[-58.363791393085556,-34.61235668901794],[-58.364466080045666,-34.61241085212176],[-58.36450963063992,-34.61236870904244],[-58.36453975878165,-34.612098333511746],[-58.36474874780906,-34.61211647773018],[-58.364718551030705,-34.61237262073335],[-58.36474121331211,-34.61242433008273],[-58.365435774612756,-34.61249174213519],[-58.3654756908751,-34.6125286160921],[-58.364896522546566,-34.61756952984974],[-58.36485750990313,-34.61759755595558],[-58.36416403006327,-34.6175536000479],[-58.364130983930764,-34.61758768740676],[-58.364099601852246,-34.61786169699354],[-58.36388827477905,-34.617846528051786]],[[-58.364548756990935,-34.61200328693237],[-58.36457821003106,-34.61173656879273],[-58.36455425507008,-34.611698602316494],[-58.363852923452896,-34.61163716785983],[-58.36382174989848,-34.61159949192246],[-58.36453151859355,-34.605466681817916],[-58.36456382437258,-34.60544230739399],[-58.365251537620324,-34.60548943750848],[-58.365299058601266,-34.6054346314165],[-58.365326259681936,-34.60518769358565],[-58.36554884954629,-34.60520440238107],[-58.36551943423371,-34.60545103470805],[-58.365550781992326,-34.60551272154517],[-58.36622253516311,-34.605571938585385],[-58.36625205571741,-34.605581687503026],[-58.36626580455901,-34.605606497437165],[-58.365566422768026,-34.61173172424618],[-58.36555052637663,-34.61176089138727],[-58.36551679711657,-34.6117709900125],[-58.364837536059035,-34.61171731669459],[-58.364793984007825,-34.611750968515615],[-58.36476474180638,-34.61201975834134],[-58.364548756990935,-34.61200328693237]],[[-58.365337172551115,-34.60509282144868],[-58.36536070301512,-34.60489119960558],[-58.365349850499925,-34.60484744131166],[-58.36532720751952,-34.604828059700765],[-58.36464410448908,-34.604776378858254],[-58.36461538670621,-34.60474364756183],[-58.36525065833131,-34.59917035264552],[-58.365267312108934,-34.599137564175095],[-58.365301907327996,-34.5991209228652],[-58.36595443398221,-34.59916245717939],[-58.36598846832689,-34.59912375922957],[-58.36603490501047,-34.598737821687656],[-58.36630699561782,-34.59873823838467],[-58.36626028211106,-34.599143951210785],[-58.36628162634699,-34.59919069881006],[-58.366932868343795,-34.599250575319196],[-58.3669707662438,-34.59926889600037],[-58.366985670431625,-34.599306351940626],[-58.36634778259243,-34.60487510521631],[-58.36630996258801,-34.60490867383545],[-58.36562372356833,-34.60486111998671],[-58.36557912689549,-34.60491878064996],[-58.3655555441987,-34.605110530126964],[-58.365337172551115,-34.60509282144868]],[[-58.362048833533336,-34.623720380809274],[-58.36191577320818,-34.623585840849806],[-58.36251621890002,-34.623192127363225],[-58.362535703569755,-34.62316586620733],[-58.36307828695246,-34.61821828760405],[-58.363121328334366,-34.618196518525124],[-58.363791915842974,-34.61824492101015],[-58.36384426195313,-34.61820587635297],[-58.363876252549595,-34.617940821142774],[-58.36408812174787,-34.61795691630389],[-58.36405855971404,-34.61821306662094],[-58.36409479739479,-34.618265263935406],[-58.364771641269826,-34.61831926934541],[-58.36480045841021,-34.61833373245256],[-58.364808712913636,-34.61836001368721],[-58.36426062839485,-34.62341250799765],[-58.3642281570444,-34.62342528898431],[-58.36267385256431,-34.62331446732033],[-58.362048833533336,-34.623720380809274]]]}},{"type":"Feature","properties":{"id":28,"nombre":"Recoleta","comuna":2},"geometry":{"type":"Polygon","coordinates":[[[-58.41600403600113,-34.597859933549024],[-58.414397287745764,-34.59405930920153],[-58.41352670084253,-34.59307844839384],[-58.41008489098123,-34.589062491173905],[-58.40640225665762,-34.58381397657757],[-58.40617642820399,-34.58346470960735],[-58.401947330422416,-34.58343181108031],[-58.40113089032275,-34.583947252663485],[-58.40054799256822,-34.584477245354066],[-58.39927933340058,-34.58273585143911],[-58.39936593960408,-34.58272047345798],[-58.398113720474804,-34.58070759154796],[-58.39656419598135,-34.578512233282034],[-58.39858627930136,-34.577177208383134],[-58.39905064129638,-34.57692860701706],[-58.399944927450534,-34.576495369692026],[-58.400512495076356,-34.57616149810312],[-58.40114888534915,-34.57574233895357],[-58.401656336739215,-34.575323111404266],[-58.402650681613316,-34.574146009020055],[-58.40203200094389,-34.57352293352119],[-58.40174950128075,-34.573137814765516],[-58.400666367100506,-34.571869936691655],[-58.4003062620523,-34.571507613196104],[-58.39972018078614,-34.57081264566095],[-58.39964009513058,-34.57056742848786],[-58.399634041448884,-34.57040908342116],[-58.39965580847329,-34.57020478189763],[-58.3997022573878,-34.570023478706126],[-58.39981048275632,-34.569803898801524],[-58.4001310817211,-34.56935463624212],[-58.39934418719556,-34.569875777642594],[-58.39880175804048,-34.57014923031088],[-58.39521040516281,-34.57219633516644],[-58.39482489558856,-34.572315065434594],[-58.39432813944651,-34.572296123527934],[-58.39321300395259,-34.572217459067375],[-58.392844035532704,-34.57223854015185],[-58.392988738896264,-34.57198170984933],[-58.38950419006827,-34.574031111640174],[-58.38794483725291,-34.57487735658503],[-58.387584892277474,-34.57437142741624],[-58.386648203813365,-34.573230796984284],[-58.39126553617799,-34.57061099020856],[-58.39124258028168,-34.57048313903892],[-58.39125545971663,-34.57040732764561],[-58.39104957444135,-34.57007706925576],[-58.39087992197715,-34.569956235236056],[-58.39068199901813,-34.56975579539412],[-58.39057717510426,-34.56960066505247],[-58.3904950886105,-34.56942898897008],[-58.390320444344695,-34.569341592315716],[-58.39023217959457,-34.56938590053064],[-58.384285969762935,-34.56889937155141],[-58.38414077862521,-34.5688595146471],[-58.383946677414066,-34.568758952547576],[-58.38380742481595,-34.56863970413327],[-58.383690295128574,-34.56851184423384],[-58.38344944403308,-34.56843297793418],[-58.3832305657687,-34.56839300050929],[-58.38311907890753,-34.56838294402902],[-58.38146827466691,-34.56842771226113],[-58.38112144242142,-34.56849929324102],[-58.3810527354917,-34.56853408711624],[-58.38100035945013,-34.56858472011782],[-58.38096942549319,-34.56864625138751],[-58.380748120597985,-34.56939738706401],[-58.38076083061637,-34.569665710725744],[-58.380734768170235,-34.56978017518969],[-58.38071177905449,-34.57011796206073],[-58.38035794268092,-34.570103317355645],[-58.38041032802914,-34.56856599469932],[-58.38039473358405,-34.568466077808594],[-58.38028774694646,-34.56832602338943],[-58.380225019321294,-34.56827913199795],[-58.38010293600549,-34.56822542682625],[-58.3759847797093,-34.56786582307775],[-58.37013504413908,-34.56739978487756],[-58.36826021704755,-34.56723126467845],[-58.3681686748618,-34.56723723750758],[-58.368093696409204,-34.56726161481223],[-58.368082716248196,-34.56731692160571],[-58.36812331355127,-34.56732770685442],[-58.368172897200196,-34.567306270702346],[-58.36825313587637,-34.567306333202815],[-58.37094558828045,-34.5675465749276],[-58.37161577207298,-34.56759002971638],[-58.37251244161006,-34.56770002613299],[-58.37318732635644,-34.56776299833632],[-58.37531112646381,-34.567932441518735],[-58.376103993906234,-34.56801500512736],[-58.37775584113339,-34.56815283167965],[-58.379785272678646,-34.568310417331524],[-58.37995514132869,-34.568361292045104],[-58.380039824447316,-34.56844318319935],[-58.38007308455827,-34.568500504827675],[-58.38016233445288,-34.568553486364834],[-58.38022526064687,-34.56869666431475],[-58.38026275078525,-34.5688675399504],[-58.38027236822573,-34.5690410251757],[-58.38023422068042,-34.56984564966574],[-58.38004894496832,-34.569924726399634],[-58.3800082486756,-34.569971511526106],[-58.38003022933984,-34.57037267398053],[-58.37910864138785,-34.57030248866287],[-58.37894312395313,-34.570317463371964],[-58.37877614841892,-34.570355047329514],[-58.37855652681829,-34.570449950490044],[-58.37656155782953,-34.57157364685413],[-58.37640938852047,-34.57163274948953],[-58.37616391128904,-34.57165990605206],[-58.375172716975435,-34.57162014940576],[-58.374502536316655,-34.57154157358743],[-58.37229362383004,-34.57142671603336],[-58.36485061615788,-34.57084697754436],[-58.36194461435511,-34.57064670426012],[-58.36176174534931,-34.570646552283726],[-58.36161843185904,-34.57066336625129],[-58.360269750592956,-34.571405473505955],[-58.35985675432091,-34.5716485307181],[-58.359845713592144,-34.57174786314672],[-58.359872932345944,-34.571808845943444],[-58.35991659477749,-34.57181565623434],[-58.36007775927357,-34.571711935305125],[-58.36136963594368,-34.57100859728932],[-58.361645511421386,-34.57083949472865],[-58.36186668010824,-34.570767430127496],[-58.3621041645752,-34.57074504955341],[-58.36445169328923,-34.570900521920485],[-58.36915631870355,-34.571277881068475],[-58.37151434490587,-34.57144675175944],[-58.37251867151388,-34.57153781353934],[-58.37368134309648,-34.57159511688939],[-58.37614935554656,-34.57180581775957],[-58.37585190363164,-34.571974747351256],[-58.37414935659501,-34.57307523256967],[-58.371222567730086,-34.574745118517924],[-58.37110635670389,-34.574840236691436],[-58.37117491294684,-34.574903083579144],[-58.37141863975588,-34.57473297532634],[-58.374219820340606,-34.57313131936489],[-58.375953607118966,-34.572018448300604],[-58.378684759041214,-34.57048086192314],[-58.37887467310506,-34.57041349279664],[-58.379144622267404,-34.57038418903098],[-58.38036111212539,-34.57047919907209],[-58.38033061383346,-34.570815133705885],[-58.380506938288235,-34.57104366498395],[-58.37830896726909,-34.572309975435594],[-58.378290089713666,-34.57235268719101],[-58.378251823432564,-34.57268106363586],[-58.37828309008249,-34.57274684626169],[-58.37836252327141,-34.57277783760615],[-58.38355190678554,-34.57319043613817],[-58.383589042233965,-34.57320323180035],[-58.38360748579087,-34.57323012347032],[-58.383585683090615,-34.57341727775679],[-58.3818857860571,-34.57438884589856],[-58.38181681635241,-34.57441578676828],[-58.37551961028175,-34.57391112648191],[-58.375443919500846,-34.57393073573305],[-58.37076160571863,-34.57660600667298],[-58.37074538598938,-34.57662683984114],[-58.37070541065229,-34.57704285616661],[-58.37074154419681,-34.57706754927851],[-58.37671626106816,-34.57755069258156],[-58.37397717440912,-34.57910768707074],[-58.375126880746755,-34.5805254281304],[-58.37616540459724,-34.579955854036996],[-58.379841464837774,-34.58016729947033],[-58.382861911212935,-34.57845408463024],[-58.38323547529595,-34.57832003138325],[-58.383576291204996,-34.5782407460442],[-58.38410320191672,-34.57818953925412],[-58.38445687219275,-34.57820124697437],[-58.38506831719417,-34.5782526980495],[-58.385291305801196,-34.57825178429954],[-58.385734846737655,-34.57821530593922],[-58.386128347811216,-34.5782168471128],[-58.386413646617996,-34.578167776882026],[-58.386585286178644,-34.57812019857278],[-58.389869341696375,-34.578207133668116],[-58.39164933888169,-34.58083641962399],[-58.39139765167186,-34.580908400943514],[-58.391174906991395,-34.581012426482694],[-58.38839673729451,-34.582490075306005],[-58.38784438821304,-34.582869319649134],[-58.38696844658319,-34.58355674501224],[-58.38664766841852,-34.5838627471024],[-58.38598053662494,-34.58459395851433],[-58.385604207637314,-34.585019712893676],[-58.38533010754322,-34.58538877054289],[-58.38450398753848,-34.58696612905157],[-58.38369087887974,-34.587505583241736],[-58.38384861615481,-34.58768370015589],[-58.38692224385791,-34.59078036312371],[-58.387954728857004,-34.59165341346785],[-58.38791450553285,-34.591686206751234],[-58.387571305345595,-34.5928355903143],[-58.38727517074097,-34.59475198684766],[-58.38713544756135,-34.595938890714685],[-58.38706623729998,-34.59693696226608],[-58.38706891487265,-34.59717520634323],[-58.38686820376445,-34.59929786043728],[-58.38948491654724,-34.599433699523075],[-58.391557438319246,-34.59956937378542],[-58.39293533370779,-34.599642149302134],[-58.39872726394246,-34.59976535365024],[-58.402012342973116,-34.59937478850392],[-58.404510717536766,-34.59804106689294],[-58.406630154636126,-34.59805094320145],[-58.41029791226502,-34.59809787350611],[-58.41209465132787,-34.59799878019979],[-58.41600403600113,-34.597859933549024]]]}},{"type":"Feature","properties":{"id":29,"nombre":"Retiro","comuna":1},"geometry":{"type":"Polygon","coordinates":[[[-58.39164933888169,-34.58083641962399],[-58.389869341696375,-34.578207133668116],[-58.386585286178644,-34.57812019857278],[-58.386413646617996,-34.578167776882026],[-58.386128347811216,-34.5782168471128],[-58.385734846737655,-34.57821530593922],[-58.385291305801196,-34.57825178429954],[-58.38506831719417,-34.5782526980495],[-58.38445687219275,-34.57820124697437],[-58.38410320191672,-34.57818953925412],[-58.383576291204996,-34.5782407460442],[-58.38323547529595,-34.57832003138325],[-58.382861911212935,-34.57845408463024],[-58.379841464837774,-34.58016729947033],[-58.37616540459724,-34.579955854036996],[-58.375126880746755,-34.5805254281304],[-58.37397717440912,-34.57910768707074],[-58.37671626106816,-34.57755069258156],[-58.376046345176654,-34.57748950091275],[-58.37607275046648,-34.577514355860785],[-58.376051551412466,-34.57769688387304],[-58.37603264525647,-34.577728188581474],[-58.37428889158243,-34.57870957317203],[-58.367934207639564,-34.578216053144644],[-58.36532103559171,-34.57971019325498],[-58.36529541537159,-34.57974286286507],[-58.3652514541213,-34.58015608946327],[-58.36529522935269,-34.58017340764258],[-58.37058516032543,-34.58058900602044],[-58.37061434109695,-34.580600853076426],[-58.37062219986763,-34.580624570126474],[-58.37060251743978,-34.580792124670204],[-58.37056365412354,-34.58083540230601],[-58.36897528910064,-34.58173392430387],[-58.36162502808646,-34.581152385208505],[-58.361417757287526,-34.58296893642792],[-58.36610964672991,-34.58334017362031],[-58.36614732113034,-34.58337093227627],[-58.36614851142907,-34.58356375333382],[-58.365208430015116,-34.58431675807656],[-58.364980316550536,-34.584492674080415],[-58.36494652313515,-34.584504548357486],[-58.35992042240929,-34.5841233530128],[-58.35990144885074,-34.584155498858884],[-58.35971512050673,-34.58587279375903],[-58.359729103818744,-34.58592406871261],[-58.35980789726957,-34.585944611402184],[-58.36364863874599,-34.58624596742896],[-58.363662551106614,-34.586272012816416],[-58.3635275354698,-34.58746271693558],[-58.36351129131028,-34.587493413363234],[-58.363481495672815,-34.58749600853456],[-58.35960762309352,-34.58718936741614],[-58.359570056176864,-34.58721213160033],[-58.35955793740681,-34.58725049671672],[-58.359461950233104,-34.58808498390018],[-58.35964486425478,-34.58812058337775],[-58.35965091737011,-34.588194703579006],[-58.359684270075206,-34.58826220617178],[-58.35974159882284,-34.58831369547852],[-58.359802098737156,-34.58834023603896],[-58.360850264696154,-34.58856520357075],[-58.3608062854105,-34.588708577742615],[-58.360789970704204,-34.58870695319565],[-58.36080317791748,-34.588724569092996],[-58.36074617289418,-34.588941116180024],[-58.360778490842335,-34.588946885402336],[-58.360882200253535,-34.58857159803288],[-58.36089451782915,-34.588568967197965],[-58.36799692103641,-34.59001338072157],[-58.367965264529914,-34.590243627341316],[-58.367911996067114,-34.590434415268675],[-58.367721159239245,-34.59050527829338],[-58.367491450104474,-34.59065673742628],[-58.36733354286412,-34.59064247092111],[-58.36718267697003,-34.590649038047985],[-58.366893875456455,-34.590719869451725],[-58.36668314588335,-34.590833149639444],[-58.366524697310574,-34.59097630894694],[-58.36439343557989,-34.59418860006966],[-58.36437192235354,-34.59426982427037],[-58.36439909900713,-34.594349880030585],[-58.36444155903822,-34.59439317281751],[-58.36464216963892,-34.594494937245145],[-58.36475730397836,-34.59449735414198],[-58.36483299645317,-34.594461910900385],[-58.36590338125743,-34.59283423299478],[-58.36595764782355,-34.59281348316702],[-58.36610969306806,-34.592874979550416],[-58.3661595880161,-34.592859458912365],[-58.36623527975289,-34.59274694581639],[-58.36620184286888,-34.5927316554183],[-58.36698871144696,-34.591508047974536],[-58.367089402500184,-34.59140365964746],[-58.367173845395236,-34.59137538003363],[-58.36724434993338,-34.59139965949867],[-58.367267515300696,-34.59142739379356],[-58.36726459388396,-34.59151000694246],[-58.36728025697937,-34.591551830886694],[-58.36683466722133,-34.592292121269956],[-58.36650473347788,-34.59279737181465],[-58.36649087023899,-34.5927911797593],[-58.36638614683283,-34.59294544010447],[-58.366388721545,-34.59299041504882],[-58.36688797354616,-34.593206832941476],[-58.36692979538528,-34.59320400395767],[-58.367013361098515,-34.59308924124221],[-58.36697898405002,-34.59306475760324],[-58.36765740783945,-34.59198381235681],[-58.367697204636734,-34.59198502350361],[-58.367734387901166,-34.59194980517559],[-58.36778757744028,-34.59193396193638],[-58.3678749988485,-34.59195878341],[-58.36790945543991,-34.592013641220994],[-58.36789479972364,-34.592074258590294],[-58.36793241491002,-34.59209217583462],[-58.36790361891896,-34.59211624206077],[-58.36727965882748,-34.59312337973122],[-58.36726479120112,-34.593117508781745],[-58.36723475859187,-34.59316808202074],[-58.367213712010454,-34.593170416362135],[-58.36715362144075,-34.593268849502714],[-58.367153854179,-34.593308098547325],[-58.36717274970725,-34.593328893037416],[-58.369065197486826,-34.59413488371414],[-58.36908365639814,-34.59416162876315],[-58.3679135315109,-34.59747857900049],[-58.36779967545565,-34.59751281431012],[-58.36649790025221,-34.597418775285895],[-58.366474336081815,-34.59743760172764],[-58.36645803280508,-34.59749031118503],[-58.36645127086268,-34.59755059925979],[-58.366472730386306,-34.597578526130654],[-58.36647417870664,-34.59762301517996],[-58.3664363485083,-34.59768514994907],[-58.3663773075089,-34.598226844381266],[-58.366093909072035,-34.59820853822204],[-58.3661642329078,-34.59766326795211],[-58.36615116045846,-34.59758295793636],[-58.36617905444897,-34.59753141607447],[-58.366185891943346,-34.597425111361396],[-58.36615974297177,-34.597388831731905],[-58.366057888459366,-34.59737873940876],[-58.36606021726495,-34.59736061546218],[-58.36578681889344,-34.597344178897025],[-58.365783920627415,-34.597356101498356],[-58.36383556620315,-34.59720284206335],[-58.363825922384834,-34.5971634889153],[-58.36441049459098,-34.59550952550862],[-58.36439788778591,-34.59543811450069],[-58.364345258345914,-34.595382744310704],[-58.36410568928949,-34.59531635472929],[-58.36396737008709,-34.59533554437897],[-58.36391146609186,-34.59537112578969],[-58.36387161920977,-34.595420706733634],[-58.36302834143234,-34.59523157442815],[-58.36148309785111,-34.595132896250064],[-58.361245076454395,-34.59528039892109],[-58.36127033532755,-34.59528937650057],[-58.36151212387825,-34.595172265828246],[-58.36303655265061,-34.595285327624595],[-58.36384791399487,-34.59548607637648],[-58.36342174838141,-34.59666429173523],[-58.363015133206815,-34.59662579742351],[-58.36248748216361,-34.596506111655316],[-58.361109649075495,-34.59586816642288],[-58.361124117193455,-34.59583001771311],[-58.36093376669401,-34.59574417003867],[-58.360916532534105,-34.59577260338594],[-58.360388067122344,-34.59552016524982],[-58.36033448322039,-34.5954709880062],[-58.360323397951916,-34.595436996820446],[-58.36033521523229,-34.59534505987641],[-58.36037103394334,-34.595222397451536],[-58.36036543948111,-34.595159054266155],[-58.360342262072834,-34.59511032833335],[-58.36037788217586,-34.59508221202916],[-58.3611034398561,-34.59512760081327],[-58.36110346649097,-34.59510585148152],[-58.360370181595115,-34.59505277780139],[-58.36031535978368,-34.595076758116406],[-58.3602306813275,-34.59502253452947],[-58.36006127153976,-34.59499854057932],[-58.35986299199077,-34.594998372670176],[-58.359307695228075,-34.59494840359153],[-58.358860872964726,-34.59492060251823],[-58.358759344560774,-34.59493436053419],[-58.35866146194583,-34.59496840540601],[-58.35859433547997,-34.59496975675107],[-58.35848554388927,-34.59492981325948],[-58.35414917509483,-34.59466946306939],[-58.35096485791215,-34.59515023880387],[-58.35094115311311,-34.59519123982133],[-58.35095382926796,-34.59520174585432],[-58.35411744927475,-34.59470716193262],[-58.356694038136304,-34.59486419812051],[-58.356852738786486,-34.59494150475394],[-58.35676892690463,-34.59493528571517],[-58.356756402318815,-34.59495663940014],[-58.356488933776454,-34.59503450590226],[-58.357328011820435,-34.595097081204806],[-58.35769230708235,-34.59514830757202],[-58.35853509351516,-34.595188862496784],[-58.359257451874186,-34.59524922321292],[-58.36328109797689,-34.597090362772825],[-58.36345172323722,-34.59713048870585],[-58.363437795770324,-34.597169356560286],[-58.36353785160485,-34.597191783763016],[-58.363239410879366,-34.59806631753711],[-58.36373645451173,-34.59810932982939],[-58.36386739661262,-34.59814112790318],[-58.36596656057131,-34.59829775233416],[-58.366612058702614,-34.598329955917265],[-58.36736497419749,-34.598264703986615],[-58.3677832562577,-34.598297919614666],[-58.367986245292514,-34.59840681240611],[-58.36812186957484,-34.598442130527474],[-58.368869352190124,-34.59834581919167],[-58.36951785003697,-34.59832620408328],[-58.371171095870245,-34.59840025335089],[-58.37828415373453,-34.598914007060564],[-58.38102554393223,-34.59902553616458],[-58.38686820376445,-34.59929786043728],[-58.38706891487265,-34.59717520634323],[-58.38706623729998,-34.59693696226608],[-58.38713544756135,-34.595938890714685],[-58.38727517074097,-34.59475198684766],[-58.387571305345595,-34.5928355903143],[-58.38791450553285,-34.591686206751234],[-58.387954728857004,-34.59165341346785],[-58.38692224385791,-34.59078036312371],[-58.38384861615481,-34.58768370015589],[-58.38369087887974,-34.587505583241736],[-58.38450398753848,-34.58696612905157],[-58.38533010754322,-34.58538877054289],[-58.385604207637314,-34.585019712893676],[-58.38598053662494,-34.58459395851433],[-58.38664766841852,-34.5838627471024],[-58.38696844658319,-34.58355674501224],[-58.38784438821304,-34.582869319649134],[-58.38839673729451,-34.582490075306005],[-58.391174906991395,-34.581012426482694],[-58.39139765167186,-34.580908400943514],[-58.39164933888169,-34.58083641962399]]]}},{"type":"Feature","properties":{"id":30,"nombre":"Saavedra","comuna":12},"geometry":{"type":"Polygon","coordinates":[[[-58.50987529313918,-34.56927135042903],[-58.500551668790834,-34.549495920968496],[-58.475954554668476,-34.53863739298881],[-58.474928859632094,-34.53999459922243],[-58.47043250710375,-34.54607263202276],[-58.469130617012354,-34.547767672422545],[-58.46819097058801,-34.54894654457668],[-58.46837465220388,-34.54908231498778],[-58.47443734115173,-34.55242741425036],[-58.47358759304927,-34.55354026114664],[-58.48340873167066,-34.559037755461716],[-58.49099191533611,-34.56265698478033],[-58.49193073985506,-34.56130800638878],[-58.5018775333311,-34.56608994825942],[-58.508604690846106,-34.56939834027656],[-58.508818013763744,-34.56951523458638],[-58.509040472963434,-34.5700034273427],[-58.509254522260626,-34.56990362479814],[-58.509522005772276,-34.56967495439814],[-58.509804848066665,-34.5693752946885],[-58.50987529313918,-34.56927135042903]]]}},{"type":"Feature","properties":{"id":31,"nombre":"San Cristobal","comuna":3},"geometry":{"type":"Polygon","coordinates":[[[-58.41254739310853,-34.62064696103565],[-58.41052275305638,-34.62028912541239],[-58.403516778194955,-34.61884488946978],[-58.39924698473674,-34.61855835326176],[-58.39170141710722,-34.61816380098751],[-58.39161486777132,-34.62054406071828],[-58.39143573140748,-34.6239929392602],[-58.391174186861434,-34.62725739800159],[-58.39216377407576,-34.62726797946864],[-58.398598161218764,-34.628410376997714],[-58.40836812467837,-34.6295203914632],[-58.411782811125846,-34.63036027048347],[-58.412068696783834,-34.62514265841067],[-58.41213016976793,-34.62478268013098],[-58.41233697069864,-34.62303746480651],[-58.4120454070184,-34.622979384112405],[-58.412359916674454,-34.62187316459169],[-58.41244032418157,-34.62188798772624],[-58.41254739310853,-34.62064696103565]]]}},{"type":"Feature","properties":{"id":32,"nombre":"San Nicolas","comuna":1},"geometry":{"type":"Polygon","coordinates":[[[-58.39293533370779,-34.599642149302134],[-58.38795629744741,-34.59934882028262],[-58.38102554393223,-34.59902553616458],[-58.37828415373453,-34.598914007060564],[-58.371171095870245,-34.59840025335089],[-58.36951785003697,-34.59832620408328],[-58.369077897009,-34.59935901314343],[-58.36839501939852,-34.601034424917216],[-58.36773150092235,-34.60690584043083],[-58.36815369633645,-34.60696896158606],[-58.36922517357386,-34.606742265657964],[-58.36925625068211,-34.6065943267529],[-58.369371305203614,-34.60652864048579],[-58.36944423760476,-34.60650672356935],[-58.36984985133319,-34.606557388293915],[-58.37019587894979,-34.606578638817204],[-58.37019591420047,-34.606775613775824],[-58.37030906518711,-34.60719556486478],[-58.370634539980614,-34.607398213060534],[-58.37109340925513,-34.6077906328546],[-58.37125800839755,-34.6078584286098],[-58.371555736213665,-34.60788906318605],[-58.37351881088785,-34.60803002292504],[-58.373520523891806,-34.60794164256774],[-58.376208220310545,-34.60811986086034],[-58.381797375369075,-34.60844724788217],[-58.3850682950048,-34.60870960403903],[-58.38723412070494,-34.60886118724043],[-58.387805814475236,-34.60894654271285],[-58.389762679943516,-34.60914267014104],[-58.39195611909355,-34.60929693279127],[-58.392126431371004,-34.60664460073984],[-58.392391551116624,-34.603160338101695],[-58.392577414768674,-34.602122824662686],[-58.39293533370779,-34.599642149302134]]]}},{"type":"Feature","properties":{"id":33,"nombre":"San Telmo","comuna":1},"geometry":{"type":"Polygon","coordinates":[[[-58.3774303789714,-34.61629801759972],[-58.375863127061365,-34.61621781921954],[-58.37525655197492,-34.61613702950823],[-58.374342615908866,-34.6160833377808],[-58.37299604525717,-34.61602974249313],[-58.371719352299316,-34.61602998785851],[-58.37172229852841,-34.6159841447646],[-58.370695263978526,-34.615914424395044],[-58.370349877379944,-34.61586621611515],[-58.368816412634025,-34.61578439619973],[-58.36673996253526,-34.61562966421397],[-58.36594169624673,-34.62266643831765],[-58.36584530197631,-34.62379912000557],[-58.36579132236112,-34.62399168476058],[-58.36550581992286,-34.62392538132948],[-58.364158436612335,-34.6246918550707],[-58.36352656160801,-34.624994371474884],[-58.36346055194598,-34.625125657716545],[-58.366493327352224,-34.62519965147414],[-58.36797657673252,-34.6251997631352],[-58.36798376842992,-34.62710577512732],[-58.36795049636793,-34.62714666538916],[-58.36809663225007,-34.627193681217115],[-58.36944974577509,-34.628327418264334],[-58.370663234060096,-34.62949785076114],[-58.37071689957993,-34.62902846379567],[-58.37071422354693,-34.6288301498504],[-58.37096872656504,-34.62665144696798],[-58.37279044415723,-34.62675633567674],[-58.37456562467141,-34.62680369522484],[-58.37557794412637,-34.62730591248493],[-58.37569712899306,-34.627142686422594],[-58.37618123559256,-34.626367390756776],[-58.37675553114058,-34.62511856088524],[-58.37707025708982,-34.62360489282597],[-58.377108162233654,-34.623361185024535],[-58.37721641571186,-34.62189708963912],[-58.377239559799435,-34.621014630329505],[-58.37722954576913,-34.6208128604435],[-58.37731145093806,-34.61846035553731],[-58.3774303789714,-34.61629801759972]]]}},{"type":"Feature","properties":{"id":34,"nombre":"Velez Sarsfield","comuna":10},"geometry":{"type":"Polygon","coordinates":[[[-58.507293237509266,-34.62759931332896],[-58.503491746398566,-34.62403741662014],[-58.49934375487758,-34.621969180914256],[-58.49820080705291,-34.62137556273236],[-58.48357203240763,-34.63299845852309],[-58.483109632273845,-34.63338652535071],[-58.482380799136195,-34.63394708885787],[-58.47878787977,-34.636828893495874],[-58.47854619256344,-34.63699885547771],[-58.48288235874225,-34.6389843109485],[-58.4878058178683,-34.641304498245816],[-58.4903873474285,-34.63925822983449],[-58.4933197826148,-34.636968225841315],[-58.49311624365684,-34.63651806034269],[-58.493799186646164,-34.63665141386853],[-58.494566026398985,-34.6360260022282],[-58.498985392895264,-34.63256144551042],[-58.49970567548942,-34.63195548539163],[-58.49997709399455,-34.631781354739594],[-58.501041827893275,-34.63221258363816],[-58.507293237509266,-34.62759931332896]]]}},{"type":"Feature","properties":{"id":35,"nombre":"Versalles","comuna":10},"geometry":{"type":"Polygon","coordinates":[[[-58.50838775113027,-34.63460419727518],[-58.508762998083846,-34.63465081899877],[-58.51067004306652,-34.6348222783488],[-58.513322146500286,-34.63366972917707],[-58.514072760856,-34.6334063178158],[-58.514863194735256,-34.63320792677432],[-58.515931863963665,-34.633104400427825],[-58.51660686070161,-34.63308556963442],[-58.51708853355127,-34.63301908324975],[-58.51888724636046,-34.63300203140075],[-58.51925301107606,-34.63301496355282],[-58.51974561069824,-34.63298860899282],[-58.520066936523634,-34.63295107627878],[-58.520172983538586,-34.632917155213484],[-58.520239890158365,-34.63280211033947],[-58.520388507608594,-34.63297429543554],[-58.52052553028385,-34.633008809596944],[-58.52074658179306,-34.63322429318182],[-58.520813210758384,-34.63340456779643],[-58.52068660950892,-34.63382592736448],[-58.52108218571217,-34.63382881984214],[-58.52233611324916,-34.63401780182501],[-58.5230367319272,-34.63416634868047],[-58.524299104116515,-34.63447558603445],[-58.526919333464534,-34.634687841831635],[-58.52707564281244,-34.63475515465111],[-58.52820521323532,-34.634847236168326],[-58.528713512810576,-34.634865169631915],[-58.5303575257912,-34.63480022662671],[-58.53080139093531,-34.62752785072713],[-58.529808756184245,-34.6270407287394],[-58.52283093215203,-34.62349133570336],[-58.50838775113027,-34.63460419727518]]]}},{"type":"Feature","properties":{"id":36,"nombre":"Villa Crespo","comuna":15},"geometry":{"type":"Polygon","coordinates":[[[-58.458936500387324,-34.60437891052652],[-58.45816464561099,-34.60383436486436],[-58.45623823399996,-34.597595439389124],[-58.455485973134834,-34.597840116317954],[-58.45170657084241,-34.59521491429682],[-58.450602703613,-34.594404361805765],[-58.43853841959034,-34.58867318165427],[-58.43028520406779,-34.59416872832367],[-58.42695332660271,-34.596215770667236],[-58.42602719498809,-34.59661930265],[-58.42484614314645,-34.597067111935914],[-58.42354244525393,-34.5976359201193],[-58.42337046439579,-34.59775309579909],[-58.42375620668038,-34.597832538504306],[-58.42630587453738,-34.597887222471456],[-58.42678829291573,-34.5979494812089],[-58.42777627037006,-34.598334144887495],[-58.42916476831594,-34.598964341781674],[-58.42943185651599,-34.59913138941789],[-58.43027799996006,-34.599887407339935],[-58.432243441632785,-34.60213894439448],[-58.43497445608414,-34.60348674183715],[-58.435340700284705,-34.60368027957137],[-58.43705590888823,-34.604496519455765],[-58.43920415657378,-34.605587963253505],[-58.44282638298506,-34.60657659821387],[-58.44513371589389,-34.60718021194922],[-58.44567997102396,-34.60736254865285],[-58.44624963503948,-34.60762073177344],[-58.451509562039156,-34.60630358793919],[-58.458936500387324,-34.60437891052652]]]}},{"type":"Feature","properties":{"id":37,"nombre":"Villa Del Parque","comuna":11},"geometry":{"type":"Polygon","coordinates":[[[-58.506167398535915,-34.6023840338158],[-58.49712838845274,-34.59679411128995],[-58.48735417723277,-34.59745298895509],[-58.48518173383469,-34.59761283702656],[-58.483456873969345,-34.59776357440074],[-58.48298471786018,-34.59789112258312],[-58.482844411895826,-34.597949032705834],[-58.478832163758454,-34.59967637826255],[-58.47639330823987,-34.60020498085559],[-58.477499708181476,-34.60083050287424],[-58.47697240245257,-34.6015893064937],[-58.47638257781589,-34.60237107368214],[-58.47401769558466,-34.605316418353674],[-58.476365635723894,-34.606754661891905],[-58.47732986282989,-34.607258152855465],[-58.477619295162384,-34.60736495209084],[-58.47872429833171,-34.607708977379986],[-58.47920452575803,-34.60783603055708],[-58.486283111356855,-34.60957429292847],[-58.488654711025085,-34.61014129559625],[-58.48914253169029,-34.610490071093665],[-58.492265631516,-34.61286602215446],[-58.493044985095416,-34.613517533712496],[-58.49478574974895,-34.61502120054688],[-58.49557308272516,-34.61439626909074],[-58.503733872654365,-34.605102158377576],[-58.506167398535915,-34.6023840338158]]]}},{"type":"Feature","properties":{"id":38,"nombre":"Villa Devoto","comuna":11},"geometry":{"type":"Polygon","coordinates":[[[-58.52946768490281,-34.61090106159128],[-58.51553576857417,-34.58127414707185],[-58.5149702127839,-34.58132249506749],[-58.51490250172233,-34.58136836388742],[-58.51451630813752,-34.58175028280111],[-58.50308343148194,-34.59438790964244],[-58.50354366270087,-34.59445578824524],[-58.49717523922212,-34.596822971770784],[-58.506167398535915,-34.6023840338158],[-58.503733872654365,-34.605102158377576],[-58.500192416685685,-34.60913108464406],[-58.5052493511533,-34.61214604205909],[-58.50556408051759,-34.61231361118996],[-58.50974355703207,-34.614759377793405],[-58.513046049005155,-34.616736904702016],[-58.51694927550722,-34.62022036334769],[-58.52311876872752,-34.615513844703585],[-58.52505931336877,-34.61396792747937],[-58.5251130050647,-34.614006633413766],[-58.52561317802312,-34.6136678532898],[-58.52855236929816,-34.611512414886704],[-58.52893885807672,-34.611283635241605],[-58.52946768490281,-34.61090106159128]]]}},{"type":"Feature","properties":{"id":39,"nombre":"Villa Gral. Mitre","comuna":11},"geometry":{"type":"Polygon","coordinates":[[[-58.48041105702701,-34.608131997735114],[-58.47872429833171,-34.607708977379986],[-58.477619295162384,-34.60736495209084],[-58.47732986282989,-34.607258152855465],[-58.476365635723894,-34.606754661891905],[-58.47495498881505,-34.60590141187553],[-58.471610807868615,-34.60382637096152],[-58.47043532272966,-34.60294284266856],[-58.47019573471758,-34.60281144623145],[-58.46929342373715,-34.60217042770263],[-58.46891355826054,-34.60186572269597],[-58.46527994666891,-34.602764229150054],[-58.45847564360012,-34.604497063269704],[-58.45878411059789,-34.604720109371726],[-58.46270615195231,-34.60737818546292],[-58.45954546369663,-34.61374695023683],[-58.459449971836904,-34.61389068145688],[-58.46453994984254,-34.61579273275089],[-58.46863640888795,-34.61756665932689],[-58.4693409809059,-34.61792972921336],[-58.47162221904028,-34.61916024381256],[-58.48041105702701,-34.608131997735114]]]}},{"type":"Feature","properties":{"id":40,"nombre":"Villa Lugano","comuna":8},"geometry":{"type":"Polygon","coordinates":[[[-58.50252527504022,-34.674512432484036],[-58.50164159490955,-34.6739873972065],[-58.49912702067697,-34.67263991821396],[-58.498723309841914,-34.67239264105681],[-58.497039525153696,-34.67118424077124],[-58.495872835698606,-34.670199554601616],[-58.49360839696026,-34.66796625620081],[-58.49259790220744,-34.666873047567556],[-58.4917615554893,-34.66601148082468],[-58.49113497828963,-34.665393805335796],[-58.48895242145444,-34.663352443245614],[-58.485945451344016,-34.66245218909218],[-58.480169615068355,-34.65874923147809],[-58.47946301334454,-34.65829171907159],[-58.478818293732544,-34.65784856050759],[-58.477700653143685,-34.658742294404774],[-58.474442851970366,-34.66129011517265],[-58.47421668629245,-34.66150351730595],[-58.472976225113975,-34.662456584477255],[-58.47251602641475,-34.66277676243772],[-58.47057138882731,-34.658430914433694],[-58.470111047312656,-34.65872661646275],[-58.46955682463585,-34.65910942700471],[-58.46765625455309,-34.65751952387692],[-58.46719176976087,-34.65790188872849],[-58.4651946879459,-34.659429221331024],[-58.46443135241803,-34.66005337230465],[-58.464938150875994,-34.660536937057195],[-58.465458187323875,-34.66108172162851],[-58.46845313748007,-34.66365980439246],[-58.468703879136754,-34.66379023701691],[-58.468889611463304,-34.6638285936828],[-58.469131061215755,-34.66384392893064],[-58.46923960181039,-34.663880624722],[-58.46937498751463,-34.663829576440584],[-58.469642469368985,-34.663657657043984],[-58.469935616979875,-34.66359951201818],[-58.4701952859408,-34.66361342263768],[-58.47039491013847,-34.663774315214575],[-58.47046282373296,-34.66411930273158],[-58.47044129908568,-34.66428158176442],[-58.470412657555066,-34.66437390434965],[-58.47036682491581,-34.664442555919614],[-58.470163184002615,-34.66467284339686],[-58.469131606731224,-34.66547952006843],[-58.46856221123029,-34.66589154658461],[-58.465235936736,-34.66849142665904],[-58.464769544687,-34.66888316983116],[-58.46364948699102,-34.66915867501012],[-58.463227842900615,-34.669392332351755],[-58.46289562440642,-34.66977245450831],[-58.462471518959,-34.670358451351696],[-58.46225858826045,-34.67062233178063],[-58.46182624743541,-34.671030160354164],[-58.460030889715384,-34.672570420113715],[-58.459933287183574,-34.67267231934712],[-58.45986628598925,-34.67275971204671],[-58.459767145272416,-34.67294942842831],[-58.459666379525835,-34.67323865240596],[-58.459638072754856,-34.67339048262618],[-58.459547712499315,-34.67353843847765],[-58.459406464622,-34.673656110623966],[-58.45922813825094,-34.67373194956593],[-58.45900480832546,-34.673759547630176],[-58.458517637231985,-34.67385794380014],[-58.4577283805286,-34.674385766032614],[-58.450941232228246,-34.6797031692977],[-58.45077728329087,-34.679841885070914],[-58.45064264818733,-34.68004187164535],[-58.45082572779738,-34.68024555342382],[-58.4513747288072,-34.68075673608754],[-58.45542464567583,-34.684479255558244],[-58.456227650280645,-34.685188108636005],[-58.456470946748844,-34.68534079880031],[-58.45700143919607,-34.68574779946562],[-58.45777548388377,-34.68645790898235],[-58.45828927506318,-34.68694018533299],[-58.458498303764934,-34.687178221759424],[-58.45877800158727,-34.68754604990751],[-58.459007580359675,-34.6877656361488],[-58.46339691106342,-34.69179543340202],[-58.47212965189675,-34.68496468413161],[-58.47579768958468,-34.682141400146115],[-58.48335535334125,-34.688958024352246],[-58.50252527504022,-34.674512432484036]]]}},{"type":"Feature","properties":{"id":41,"nombre":"Villa Luro","comuna":10},"geometry":{"type":"Polygon","coordinates":[[[-58.4878058178683,-34.641304498245816],[-58.49484066269529,-34.64466276954655],[-58.49496388833781,-34.644692314869516],[-58.49530206457031,-34.644852439732254],[-58.497137425921906,-34.64341397409882],[-58.50229906905261,-34.645822663501455],[-58.50332682872635,-34.64498345052113],[-58.50978783302036,-34.640082385050896],[-58.50982153516652,-34.640013005499306],[-58.5105089194381,-34.63737563432314],[-58.50567176664867,-34.63672260169123],[-58.50681882923088,-34.635817173289944],[-58.506961156796464,-34.63589571517499],[-58.50765103216557,-34.635895889023416],[-58.50827530010485,-34.635733545961145],[-58.50882986433573,-34.63555819755925],[-58.50954157189133,-34.63529419497433],[-58.51067004306652,-34.6348222783488],[-58.508762998083846,-34.63465081899877],[-58.50838775113027,-34.63460419727518],[-58.51638139211022,-34.628455283944646],[-58.511650888646365,-34.62428368328802],[-58.509255529040274,-34.62613463041436],[-58.50716047410114,-34.62769893991932],[-58.501041827893275,-34.63221258363816],[-58.49997709399455,-34.631781354739594],[-58.49970567548942,-34.63195548539163],[-58.498985392895264,-34.63256144551042],[-58.494566026398985,-34.6360260022282],[-58.493799186646164,-34.63665141386853],[-58.49311624365684,-34.63651806034269],[-58.4933197826148,-34.636968225841315],[-58.4903873474285,-34.63925822983449],[-58.4878058178683,-34.641304498245816]]]}},{"type":"Feature","properties":{"id":42,"nombre":"Villa Ortuzar","comuna":15},"geometry":{"type":"Polygon","coordinates":[[[-58.4789890918047,-34.579130861790425],[-58.46736584353383,-34.57250216497175],[-58.4649932002541,-34.57400098400131],[-58.463188835027395,-34.575111026455005],[-58.46237781798719,-34.5760377927602],[-58.46022666634013,-34.578301110897925],[-58.46052951885691,-34.57830048444562],[-58.46053738753947,-34.58494962257082],[-58.46047241478919,-34.58504180618545],[-58.46042728011078,-34.58520892026075],[-58.460448053182404,-34.58529342931392],[-58.460380575719334,-34.585533343699815],[-58.46146554758032,-34.58583891893796],[-58.46187191205059,-34.58604784394367],[-58.46307613137424,-34.58707055876432],[-58.46453484221843,-34.58842774981815],[-58.4668296389597,-34.59059866771143],[-58.466959083287456,-34.590520683518875],[-58.47023214297737,-34.587939228813845],[-58.47080588198998,-34.58746561988161],[-58.473649006334014,-34.58206733152368],[-58.4736316290048,-34.582002613372474],[-58.473657673926496,-34.58192535632214],[-58.47357199750379,-34.58177078266166],[-58.473996177957986,-34.58163278669956],[-58.47492216212326,-34.580571484662286],[-58.475425280413276,-34.57996417063962],[-58.4789890918047,-34.579130861790425]]]}},{"type":"Feature","properties":{"id":43,"nombre":"Villa Pueyrredon","comuna":12},"geometry":{"type":"Polygon","coordinates":[[[-58.48879415727158,-34.58482403134742],[-58.49389083410405,-34.588039113989],[-58.50347172005461,-34.593959253914015],[-58.51451630813752,-34.58175028280111],[-58.51490250172233,-34.58136836388742],[-58.5149702127839,-34.58132249506749],[-58.51553576857417,-34.58127414707185],[-58.510334290069004,-34.57035973664792],[-58.50987529313918,-34.56927135042903],[-58.509804848066665,-34.5693752946885],[-58.509522005772276,-34.56967495439814],[-58.509254522260626,-34.56990362479814],[-58.509040472963434,-34.5700034273427],[-58.5079803139919,-34.570657257984074],[-58.507121729274104,-34.57114279011813],[-58.50678955380297,-34.571347279474026],[-58.50512706616353,-34.57227337228967],[-58.503948173677166,-34.57295448818712],[-58.50294682051181,-34.57355539288117],[-58.49982689875627,-34.57597063902991],[-58.49590772994812,-34.579033920336485],[-58.493619371001586,-34.58078038834784],[-58.49324592919408,-34.581029288351786],[-58.492405953128745,-34.581710841933386],[-58.48879415727158,-34.58482403134742]]]}},{"type":"Feature","properties":{"id":44,"nombre":"Villa Real","comuna":10},"geometry":{"type":"Polygon","coordinates":[[[-58.53080139093531,-34.62752785072713],[-58.53151730936994,-34.61549898106118],[-58.52946768490281,-34.61090106159128],[-58.52893885807672,-34.611283635241605],[-58.52855236929816,-34.611512414886704],[-58.52561317802312,-34.6136678532898],[-58.5251130050647,-34.614006633413766],[-58.52505931336877,-34.61396792747937],[-58.52311876872752,-34.615513844703585],[-58.51694927550722,-34.62022036334769],[-58.521635611223,-34.624410163269395],[-58.52283093215203,-34.62349133570336],[-58.529808756184245,-34.6270407287394],[-58.53080139093531,-34.62752785072713]]]}},{"type":"Feature","properties":{"id":45,"nombre":"Villa Riachuelo","comuna":8},"geometry":{"type":"Polygon","coordinates":[[[-58.48335535334125,-34.688958024352246],[-58.47579768958468,-34.682141400146115],[-58.47212965189675,-34.68496468413161],[-58.46339691106342,-34.69179543340202],[-58.459007580359675,-34.6877656361488],[-58.45877800158727,-34.68754604990751],[-58.458498303764934,-34.687178221759424],[-58.45828927506318,-34.68694018533299],[-58.45750882917245,-34.686212403088696],[-58.45700143919607,-34.68574779946562],[-58.456470946748844,-34.68534079880031],[-58.456227650280645,-34.685188108636005],[-58.45542464567583,-34.684479255558244],[-58.4511433154013,-34.680541264397036],[-58.45119003678993,-34.680653744348106],[-58.45116623399186,-34.68075200023294],[-58.45109952848126,-34.68082165457722],[-58.450967203646435,-34.68086718592671],[-58.45088450588858,-34.68086262360571],[-58.45079078532559,-34.68083528686347],[-58.450666064069175,-34.68075527472058],[-58.45032035588323,-34.68043190965641],[-58.45013477239167,-34.68043822757093],[-58.4499365621134,-34.68050468502882],[-58.444297055272806,-34.6849354941557],[-58.4512451530934,-34.69318488977444],[-58.45376593316049,-34.696230508807844],[-58.45887537661203,-34.70223041290475],[-58.46046141921632,-34.703975737565464],[-58.46061269874642,-34.70416510551476],[-58.46075452549773,-34.704291514253754],[-58.46103404160651,-34.704615586866936],[-58.4615856913617,-34.705355483937794],[-58.461753085031326,-34.705268893968274],[-58.48335535334125,-34.688958024352246]]]}},{"type":"Feature","properties":{"id":46,"nombre":"Villa Santa Rita","comuna":11},"geometry":{"type":"Polygon","coordinates":[[[-58.49478574974895,-34.61502120054688],[-58.493044985095416,-34.613517533712496],[-58.492265631516,-34.61286602215446],[-58.48914253169029,-34.610490071093665],[-58.488654711025085,-34.61014129559625],[-58.486283111356855,-34.60957429292847],[-58.48041105702701,-34.608131997735114],[-58.47162221904028,-34.61916024381256],[-58.47879986222602,-34.622915363601564],[-58.479376809868015,-34.62319733484265],[-58.4827431937344,-34.62463474854925],[-58.49478574974895,-34.61502120054688]]]}},{"type":"Feature","properties":{"id":47,"nombre":"Villa Soldati","comuna":8},"geometry":{"type":"Polygon","coordinates":[[[-58.470412657555066,-34.66437390434965],[-58.4704570378828,-34.664214322815205],[-58.47046282373296,-34.66411930273158],[-58.47039491013847,-34.663774315214575],[-58.4701952859408,-34.66361342263768],[-58.469935616979875,-34.66359951201818],[-58.469642469368985,-34.663657657043984],[-58.46937498751463,-34.663829576440584],[-58.46923960181039,-34.663880624722],[-58.469131061215755,-34.66384392893064],[-58.468889611463304,-34.6638285936828],[-58.468703879136754,-34.66379023701691],[-58.46845313748007,-34.66365980439246],[-58.465458187323875,-34.66108172162851],[-58.464938150875994,-34.660536937057195],[-58.46443135241803,-34.66005337230465],[-58.46158151873423,-34.65788256463881],[-58.46071100015464,-34.65712082471737],[-58.46034765245668,-34.65675456742693],[-58.45967286699267,-34.656190327985385],[-58.45920172186271,-34.655771270843466],[-58.458927342272816,-34.65558565291072],[-58.45833874482128,-34.655112105741715],[-58.45711436766285,-34.65405450770453],[-58.456996602451845,-34.65393527518565],[-58.45532591736092,-34.65253657674451],[-58.455063296518226,-34.65230345885079],[-58.454943494126084,-34.65216880187237],[-58.45486204281281,-34.651994569916],[-58.45479976794504,-34.65177674771991],[-58.45476630964086,-34.65149561573101],[-58.454637785811585,-34.65082722194171],[-58.45197634999113,-34.65108263970347],[-58.44882995498072,-34.65117920902863],[-58.444952617158464,-34.65101446029843],[-58.44462216107317,-34.6509521566124],[-58.444408154941804,-34.65106980065697],[-58.44332595519617,-34.65119399460118],[-58.44329737169406,-34.651347019512535],[-58.44320672978553,-34.65157876647846],[-58.4431137205693,-34.65172868163962],[-58.4429536405165,-34.65190175551869],[-58.438847845239074,-34.655106304271584],[-58.438420260266,-34.65549565667895],[-58.43800770262315,-34.65580743858055],[-58.437100133353454,-34.65510558881126],[-58.436023519428716,-34.654374785250404],[-58.43443587935198,-34.653117109717876],[-58.43139125801051,-34.65533859620065],[-58.43129074683368,-34.65543152819845],[-58.43081385556131,-34.655696333115756],[-58.430703157186905,-34.65579452166045],[-58.42948634758513,-34.656709007509875],[-58.42674830161659,-34.65867794737795],[-58.42644378824212,-34.65907659064777],[-58.424688004873126,-34.6612298621343],[-58.424043891438195,-34.6620516470974],[-58.424209876274894,-34.66216026122546],[-58.424304198386245,-34.662279122927714],[-58.424433695840406,-34.662394804770514],[-58.42486139430577,-34.6626608392116],[-58.425153081851214,-34.66281409713762],[-58.42577390515153,-34.66328083867108],[-58.42582004693541,-34.663371482733055],[-58.42606817323448,-34.66361482849398],[-58.42620955508577,-34.663736506451514],[-58.42633652534996,-34.663810479805115],[-58.426610607897125,-34.66410868599237],[-58.42672893285055,-34.664156421609874],[-58.426850094409836,-34.66431625225907],[-58.42694819759234,-34.66439975688906],[-58.427398015284574,-34.66488252103516],[-58.428182978909696,-34.66589789363528],[-58.428229800328396,-34.6659268840677],[-58.428502145015685,-34.666191732439906],[-58.4291292930673,-34.667038188936814],[-58.43011743290352,-34.668082057691215],[-58.4307396537737,-34.66884585777617],[-58.432327594570644,-34.67067508614461],[-58.433220297653016,-34.67177020961573],[-58.433515905808164,-34.67208178306341],[-58.434651632276264,-34.6734295701257],[-58.43929952915623,-34.67900879806371],[-58.43978574543653,-34.67958410101886],[-58.44049103648367,-34.68035574334798],[-58.4409503284202,-34.68099019696114],[-58.44205950938191,-34.68232934751456],[-58.444297055272806,-34.6849354941557],[-58.4499365621134,-34.68050468502882],[-58.45013477239167,-34.68043822757093],[-58.45032035588323,-34.68043190965641],[-58.450666064069175,-34.68075527472058],[-58.45079078532559,-34.68083528686347],[-58.45088450588858,-34.68086262360571],[-58.450967203646435,-34.68086718592671],[-58.45109952848126,-34.68082165457722],[-58.45116623399186,-34.68075200023294],[-58.45119003678993,-34.680653744348106],[-58.4511433154013,-34.680541264397036],[-58.45082572779738,-34.68024555342382],[-58.45064264818733,-34.68004187164535],[-58.45077728329087,-34.679841885070914],[-58.4577283805286,-34.674385766032614],[-58.458517637231985,-34.67385794380014],[-58.45900480832546,-34.673759547630176],[-58.45922813825094,-34.67373194956593],[-58.459406464622,-34.673656110623966],[-58.459547712499315,-34.67353843847765],[-58.459638072754856,-34.67339048262618],[-58.459666379525835,-34.67323865240596],[-58.459767145272416,-34.67294942842831],[-58.45986628598925,-34.67275971204671],[-58.459933287183574,-34.67267231934712],[-58.460030889715384,-34.672570420113715],[-58.46182624743541,-34.671030160354164],[-58.46225858826045,-34.67062233178063],[-58.462471518959,-34.670358451351696],[-58.46289562440642,-34.66977245450831],[-58.463227842900615,-34.669392332351755],[-58.46364948699102,-34.66915867501012],[-58.464769544687,-34.66888316983116],[-58.465235936736,-34.66849142665904],[-58.46856221123029,-34.66589154658461],[-58.469131606731224,-34.66547952006843],[-58.470163184002615,-34.66467284339686],[-58.470412657555066,-34.66437390434965]]]}},{"type":"Feature","properties":{"id":48,"nombre":"Villa Urquiza","comuna":12},"geometry":{"type":"Polygon","coordinates":[[[-58.509040472963434,-34.5700034273427],[-58.508818013763744,-34.56951523458638],[-58.508604690846106,-34.56939834027656],[-58.5018775333311,-34.56608994825942],[-58.49193073985506,-34.56130800638878],[-58.49099191533611,-34.56265698478033],[-58.48356069364174,-34.559110690163635],[-58.481158790036574,-34.562505949660874],[-58.480226564425294,-34.56324201010736],[-58.48037548621606,-34.56332253736463],[-58.47991125899887,-34.563610776203795],[-58.47972271923264,-34.56370221191023],[-58.47954260298109,-34.56377660380821],[-58.479056043770115,-34.563938290888],[-58.47931307019033,-34.564072063591475],[-58.476191428604125,-34.56685530882533],[-58.47512490453529,-34.56622484032976],[-58.47459578878941,-34.56681680648164],[-58.47360865152034,-34.56657226625196],[-58.47298985538144,-34.56644167936269],[-58.473369827681005,-34.56666768335336],[-58.46808280219982,-34.57291482378605],[-58.47354838925784,-34.576038703721686],[-58.47865631576918,-34.57893428064965],[-58.48879415727158,-34.58482403134742],[-58.492405953128745,-34.581710841933386],[-58.49324592919408,-34.581029288351786],[-58.493619371001586,-34.58078038834784],[-58.49590772994812,-34.579033920336485],[-58.49982689875627,-34.57597063902991],[-58.50294682051181,-34.57355539288117],[-58.503948173677166,-34.57295448818712],[-58.50512706616353,-34.57227337228967],[-58.50678955380297,-34.571347279474026],[-58.507121729274104,-34.57114279011813],[-58.5079803139919,-34.570657257984074],[-58.509040472963434,-34.5700034273427]]]}}]}
